fighter,event_url
Israel Adesanya,http://ufcstats.com/event-details/3dc3022232b79c7a
Gilbert Burns,http://ufcstats.com/event-details/3dc3022232b79c7a
Rob Font,http://ufcstats.com/event-details/3dc3022232b79c7a
Kevin Holland,http://ufcstats.com/event-details/3dc3022232b79c7a
Christian Rodriguez,http://ufcstats.com/event-details/3dc3022232b79c7a
Kelvin Gastelum,http://ufcstats.com/event-details/3dc3022232b79c7a
Luana Pinheiro,http://ufcstats.com/event-details/3dc3022232b79c7a
Joe Pyfer,http://ufcstats.com/event-details/3dc3022232b79c7a
Loopy Godinez,http://ufcstats.com/event-details/3dc3022232b79c7a
Ignacio Bahamondes,http://ufcstats.com/event-details/3dc3022232b79c7a
Steve Garcia,http://ufcstats.com/event-details/3dc3022232b79c7a
Cory Sandhagen,http://ufcstats.com/event-details/aec273fcb765330d
Holly Holm,http://ufcstats.com/event-details/aec273fcb765330d
Nate Landwehr,http://ufcstats.com/event-details/aec273fcb765330d
Maycee Barber,http://ufcstats.com/event-details/aec273fcb765330d
Albert Duraev,http://ufcstats.com/event-details/aec273fcb765330d
Daniel Pineda,http://ufcstats.com/event-details/aec273fcb765330d
Lucas Alexander,http://ufcstats.com/event-details/aec273fcb765330d
Trevin Giles,http://ufcstats.com/event-details/aec273fcb765330d
CJ Vergara,http://ufcstats.com/event-details/aec273fcb765330d
Leon Edwards,http://ufcstats.com/event-details/e4bb7e483c4ad318
Justin Gaethje,http://ufcstats.com/event-details/e4bb7e483c4ad318
Gunnar Nelson,http://ufcstats.com/event-details/e4bb7e483c4ad318
Jennifer Maia,http://ufcstats.com/event-details/e4bb7e483c4ad318
Marvin Vettori,http://ufcstats.com/event-details/e4bb7e483c4ad318
Jack Shore,http://ufcstats.com/event-details/e4bb7e483c4ad318
Chris Duncan,http://ufcstats.com/event-details/e4bb7e483c4ad318
Yanal Ashmouz,http://ufcstats.com/event-details/e4bb7e483c4ad318
Muhammad Mokaev,http://ufcstats.com/event-details/e4bb7e483c4ad318
Lerone Murphy,http://ufcstats.com/event-details/e4bb7e483c4ad318
Christian Duncan,http://ufcstats.com/event-details/e4bb7e483c4ad318
Jake Hadley,http://ufcstats.com/event-details/e4bb7e483c4ad318
Joanne Wood,http://ufcstats.com/event-details/e4bb7e483c4ad318
Jai Herbert,http://ufcstats.com/event-details/e4bb7e483c4ad318
Merab Dvalishvili,http://ufcstats.com/event-details/35080a7f406f9ab3
Alexander Volkov,http://ufcstats.com/event-details/35080a7f406f9ab3
Nikita Krylov,http://ufcstats.com/event-details/35080a7f406f9ab3
Jonathan Martinez,http://ufcstats.com/event-details/35080a7f406f9ab3
Mario Bautista,http://ufcstats.com/event-details/35080a7f406f9ab3
Vitor Petrino,http://ufcstats.com/event-details/35080a7f406f9ab3
Karl Williams,http://ufcstats.com/event-details/35080a7f406f9ab3
Davey Grant,http://ufcstats.com/event-details/35080a7f406f9ab3
Josh Fremd,http://ufcstats.com/event-details/35080a7f406f9ab3
Victor Henry,http://ufcstats.com/event-details/35080a7f406f9ab3
Ariane Lipski,http://ufcstats.com/event-details/35080a7f406f9ab3
Bruno Silva,http://ufcstats.com/event-details/35080a7f406f9ab3
Jon Jones,http://ufcstats.com/event-details/1ccff7f0cfdf85eb
Alexa Grasso,http://ufcstats.com/event-details/1ccff7f0cfdf85eb
Shavkat Rakhmonov,http://ufcstats.com/event-details/1ccff7f0cfdf85eb
Mateusz Gamrot,http://ufcstats.com/event-details/1ccff7f0cfdf85eb
Bo Nickal,http://ufcstats.com/event-details/1ccff7f0cfdf85eb
Cody Garbrandt,http://ufcstats.com/event-details/1ccff7f0cfdf85eb
Dricus Du Plessis,http://ufcstats.com/event-details/1ccff7f0cfdf85eb
Amanda Ribas,http://ufcstats.com/event-details/1ccff7f0cfdf85eb
Marc-Andre Barriault,http://ufcstats.com/event-details/1ccff7f0cfdf85eb
Ian Garry,http://ufcstats.com/event-details/1ccff7f0cfdf85eb
Cameron Saaiman,http://ufcstats.com/event-details/1ccff7f0cfdf85eb
Tabatha Ricci,http://ufcstats.com/event-details/1ccff7f0cfdf85eb
Farid Basharat,http://ufcstats.com/event-details/1ccff7f0cfdf85eb
Brendan Allen,http://ufcstats.com/event-details/806975e1b4f47b27
Augusto Sakai,http://ufcstats.com/event-details/806975e1b4f47b27
Tatiana Suarez,http://ufcstats.com/event-details/806975e1b4f47b27
Mike Malott,http://ufcstats.com/event-details/806975e1b4f47b27
Trevor Peek,http://ufcstats.com/event-details/806975e1b4f47b27
Jasmine Jasudavicius,http://ufcstats.com/event-details/806975e1b4f47b27
Jordan Leavitt,http://ufcstats.com/event-details/806975e1b4f47b27
Ode Osbourne,http://ufcstats.com/event-details/806975e1b4f47b27
Joe Solecki,http://ufcstats.com/event-details/806975e1b4f47b27
Erin Blanchfield,http://ufcstats.com/event-details/f21a3d68fb9df387
Zac Pauga,http://ufcstats.com/event-details/f21a3d68fb9df387
Jamal Pogues,http://ufcstats.com/event-details/f21a3d68fb9df387
Marcin Prachnio,http://ufcstats.com/event-details/f21a3d68fb9df387
Alexander Hernandez,http://ufcstats.com/event-details/f21a3d68fb9df387
Nazim Sadykhov,http://ufcstats.com/event-details/f21a3d68fb9df387
Mayra Bueno Silva,http://ufcstats.com/event-details/f21a3d68fb9df387
Jamall Emmers,http://ufcstats.com/event-details/f21a3d68fb9df387
Philipe Lins,http://ufcstats.com/event-details/f21a3d68fb9df387
AJ Fletcher,http://ufcstats.com/event-details/f21a3d68fb9df387
Islam Makhachev,http://ufcstats.com/event-details/01dd4cdc2446f665
Yair Rodriguez,http://ufcstats.com/event-details/01dd4cdc2446f665
Jack Della Maddalena,http://ufcstats.com/event-details/01dd4cdc2446f665
Justin Tafa,http://ufcstats.com/event-details/01dd4cdc2446f665
Jimmy Crute,http://ufcstats.com/event-details/01dd4cdc2446f665
Modestas Bukauskas,http://ufcstats.com/event-details/01dd4cdc2446f665
Josh Culibao,http://ufcstats.com/event-details/01dd4cdc2446f665
Kleydson Rodrigues,http://ufcstats.com/event-details/01dd4cdc2446f665
Jamie Mullarkey,http://ufcstats.com/event-details/01dd4cdc2446f665
Jack Jenkins,http://ufcstats.com/event-details/01dd4cdc2446f665
Loma Lookboonmee,http://ufcstats.com/event-details/01dd4cdc2446f665
Blake Bilder,http://ufcstats.com/event-details/01dd4cdc2446f665
Serghei Spivac,http://ufcstats.com/event-details/d26394fc0e8e880a
Devin Clark,http://ufcstats.com/event-details/d26394fc0e8e880a
Marcin Tybura,http://ufcstats.com/event-details/d26394fc0e8e880a
Dooho Choi,http://ufcstats.com/event-details/d26394fc0e8e880a
Adam Fugitt,http://ufcstats.com/event-details/d26394fc0e8e880a
Anshul Jubli,http://ufcstats.com/event-details/d26394fc0e8e880a
JeongYeong Lee,http://ufcstats.com/event-details/d26394fc0e8e880a
Rinya Nakamura,http://ufcstats.com/event-details/d26394fc0e8e880a
HyunSung Park,http://ufcstats.com/event-details/d26394fc0e8e880a
JunYong Park,http://ufcstats.com/event-details/d26394fc0e8e880a
Jamahal Hill,http://ufcstats.com/event-details/5717efc6f271cd52
Brandon Moreno,http://ufcstats.com/event-details/5717efc6f271cd52
Gilbert Burns,http://ufcstats.com/event-details/5717efc6f271cd52
Jessica Andrade,http://ufcstats.com/event-details/5717efc6f271cd52
Johnny Walker,http://ufcstats.com/event-details/5717efc6f271cd52
Ihor Potieria,http://ufcstats.com/event-details/5717efc6f271cd52
Brunno Ferreira,http://ufcstats.com/event-details/5717efc6f271cd52
Thiago Moises,http://ufcstats.com/event-details/5717efc6f271cd52
Gabriel Bonfim,http://ufcstats.com/event-details/5717efc6f271cd52
Jailton Almeida,http://ufcstats.com/event-details/5717efc6f271cd52
Cody Stamann,http://ufcstats.com/event-details/5717efc6f271cd52
Ismael Bonfim,http://ufcstats.com/event-details/5717efc6f271cd52
Nicolas Dalby,http://ufcstats.com/event-details/5717efc6f271cd52
Josiane Nunes,http://ufcstats.com/event-details/5717efc6f271cd52
Sean Strickland,http://ufcstats.com/event-details/2e2cdb6e9eb84bb9
Dan Ige,http://ufcstats.com/event-details/2e2cdb6e9eb84bb9
Roman Kopylov,http://ufcstats.com/event-details/2e2cdb6e9eb84bb9
Raquel Pennington,http://ufcstats.com/event-details/2e2cdb6e9eb84bb9
Umar Nurmagomedov,http://ufcstats.com/event-details/2e2cdb6e9eb84bb9
Javid Basharat,http://ufcstats.com/event-details/2e2cdb6e9eb84bb9
Abdul Razak Alhassan,http://ufcstats.com/event-details/2e2cdb6e9eb84bb9
Mateusz Rebecki,http://ufcstats.com/event-details/2e2cdb6e9eb84bb9
Allan Nascimento,http://ufcstats.com/event-details/2e2cdb6e9eb84bb9
Dan Argueta,http://ufcstats.com/event-details/2e2cdb6e9eb84bb9
Jared Cannonier,http://ufcstats.com/event-details/56ec58954158966a
Arman Tsarukyan,http://ufcstats.com/event-details/56ec58954158966a
Amir Albazi,http://ufcstats.com/event-details/56ec58954158966a
Alex Caceres,http://ufcstats.com/event-details/56ec58954158966a
Drew Dober,http://ufcstats.com/event-details/56ec58954158966a
Michal Oleksiejczuk,http://ufcstats.com/event-details/56ec58954158966a
Cory McKenna,http://ufcstats.com/event-details/56ec58954158966a
Matthew Semelsberger,http://ufcstats.com/event-details/56ec58954158966a
Said Nurmagomedov,http://ufcstats.com/event-details/56ec58954158966a
Rafa Garcia,http://ufcstats.com/event-details/56ec58954158966a
Rinat Fakhretdinov,http://ufcstats.com/event-details/56ec58954158966a
Manel Kape,http://ufcstats.com/event-details/56ec58954158966a
Jan Blachowicz,http://ufcstats.com/event-details/f65a0eb902f9476b
Paddy Pimblett,http://ufcstats.com/event-details/f65a0eb902f9476b
Santiago Ponzinibbio,http://ufcstats.com/event-details/f65a0eb902f9476b
Dricus Du Plessis,http://ufcstats.com/event-details/f65a0eb902f9476b
Ilia Topuria,http://ufcstats.com/event-details/f65a0eb902f9476b
Raul Rosas Jr.,http://ufcstats.com/event-details/f65a0eb902f9476b
Jairzinho Rozenstruik,http://ufcstats.com/event-details/f65a0eb902f9476b
Edmen Shahbazyan,http://ufcstats.com/event-details/f65a0eb902f9476b
Chris Curtis,http://ufcstats.com/event-details/f65a0eb902f9476b
Billy Quarantillo,http://ufcstats.com/event-details/f65a0eb902f9476b
TJ Brown,http://ufcstats.com/event-details/f65a0eb902f9476b
Stephen Thompson,http://ufcstats.com/event-details/b23388ff8ac6637b
Rafael Dos Anjos,http://ufcstats.com/event-details/b23388ff8ac6637b
Matheus Nicolau,http://ufcstats.com/event-details/b23388ff8ac6637b
Sergei Pavlovich,http://ufcstats.com/event-details/b23388ff8ac6637b
Roman Dolidze,http://ufcstats.com/event-details/b23388ff8ac6637b
Eryk Anders,http://ufcstats.com/event-details/b23388ff8ac6637b
Phil Rowe,http://ufcstats.com/event-details/b23388ff8ac6637b
Angela Hill,http://ufcstats.com/event-details/b23388ff8ac6637b
Clay Guida,http://ufcstats.com/event-details/b23388ff8ac6637b
Michael Johnson,http://ufcstats.com/event-details/b23388ff8ac6637b
Jonathan Pearce,http://ufcstats.com/event-details/b23388ff8ac6637b
Natan Levy,http://ufcstats.com/event-details/b23388ff8ac6637b
Francis Marshall,http://ufcstats.com/event-details/b23388ff8ac6637b
Kennedy Nzechukwu,http://ufcstats.com/event-details/012fc7cd0779c09a
Waldo Cortes-Acosta,http://ufcstats.com/event-details/012fc7cd0779c09a
Muslim Salikhov,http://ufcstats.com/event-details/012fc7cd0779c09a
Jack Della Maddalena,http://ufcstats.com/event-details/012fc7cd0779c09a
Charles Johnson,http://ufcstats.com/event-details/012fc7cd0779c09a
Jennifer Maia,http://ufcstats.com/event-details/012fc7cd0779c09a
Miles Johns,http://ufcstats.com/event-details/012fc7cd0779c09a
Ricky Turcios,http://ufcstats.com/event-details/012fc7cd0779c09a
Vanessa Demopoulos,http://ufcstats.com/event-details/012fc7cd0779c09a
Brady Hiestand,http://ufcstats.com/event-details/012fc7cd0779c09a
Alex Pereira,http://ufcstats.com/event-details/b3b6e80b7d5f8f0d
Zhang Weili,http://ufcstats.com/event-details/b3b6e80b7d5f8f0d
Dustin Poirier,http://ufcstats.com/event-details/b3b6e80b7d5f8f0d
Chris Gutierrez,http://ufcstats.com/event-details/b3b6e80b7d5f8f0d
Dan Hooker,http://ufcstats.com/event-details/b3b6e80b7d5f8f0d
Renato Moicano,http://ufcstats.com/event-details/b3b6e80b7d5f8f0d
Ryan Spann,http://ufcstats.com/event-details/b3b6e80b7d5f8f0d
Erin Blanchfield,http://ufcstats.com/event-details/b3b6e80b7d5f8f0d
Andre Petroski,http://ufcstats.com/event-details/b3b6e80b7d5f8f0d
Matt Frevola,http://ufcstats.com/event-details/b3b6e80b7d5f8f0d
Karolina Kowalkiewicz,http://ufcstats.com/event-details/b3b6e80b7d5f8f0d
Michael Trizano,http://ufcstats.com/event-details/b3b6e80b7d5f8f0d
Montel Jackson,http://ufcstats.com/event-details/b3b6e80b7d5f8f0d
Amanda Lemos,http://ufcstats.com/event-details/756f45905fb20cb5
Neil Magny,http://ufcstats.com/event-details/756f45905fb20cb5
Shayilan Nuerdanbieke,http://ufcstats.com/event-details/756f45905fb20cb5
Tagir Ulanbekov,http://ufcstats.com/event-details/756f45905fb20cb5
Grant Dawson,http://ufcstats.com/event-details/756f45905fb20cb5
Miranda Maverick,http://ufcstats.com/event-details/756f45905fb20cb5
Mario Bautista,http://ufcstats.com/event-details/756f45905fb20cb5
Polyana Viana,http://ufcstats.com/event-details/756f45905fb20cb5
Johnny Munoz,http://ufcstats.com/event-details/756f45905fb20cb5
Jake Hadley,http://ufcstats.com/event-details/756f45905fb20cb5
Arnold Allen,http://ufcstats.com/event-details/be5aab761c40ef35
Max Griffin,http://ufcstats.com/event-details/be5aab761c40ef35
Waldo Cortes-Acosta,http://ufcstats.com/event-details/be5aab761c40ef35
Tresean Gore,http://ufcstats.com/event-details/be5aab761c40ef35
Khalil Rountree Jr.,http://ufcstats.com/event-details/be5aab761c40ef35
Roman Dolidze,http://ufcstats.com/event-details/be5aab761c40ef35
Marcos Rogerio de Lima,http://ufcstats.com/event-details/be5aab761c40ef35
JunYong Park,http://ufcstats.com/event-details/be5aab761c40ef35
Steve Garcia,http://ufcstats.com/event-details/be5aab761c40ef35
Cody Durden,http://ufcstats.com/event-details/be5aab761c40ef35
Islam Makhachev,http://ufcstats.com/event-details/885e7f70dcac0007
Aljamain Sterling,http://ufcstats.com/event-details/885e7f70dcac0007
Sean O'Malley,http://ufcstats.com/event-details/885e7f70dcac0007
Beneil Dariush,http://ufcstats.com/event-details/885e7f70dcac0007
Manon Fiorot,http://ufcstats.com/event-details/885e7f70dcac0007
Belal Muhammad,http://ufcstats.com/event-details/885e7f70dcac0007
Caio Borralho,http://ufcstats.com/event-details/885e7f70dcac0007
Nikita Krylov,http://ufcstats.com/event-details/885e7f70dcac0007
Abubakar Nurmagomedov,http://ufcstats.com/event-details/885e7f70dcac0007
Armen Petrosyan,http://ufcstats.com/event-details/885e7f70dcac0007
Muhammad Mokaev,http://ufcstats.com/event-details/885e7f70dcac0007
Alexa Grasso,http://ufcstats.com/event-details/49c29e57d4e2be6f
Jonathan Martinez,http://ufcstats.com/event-details/49c29e57d4e2be6f
Dusko Todorovic,http://ufcstats.com/event-details/49c29e57d4e2be6f
Raphael Assuncao,http://ufcstats.com/event-details/49c29e57d4e2be6f
Alonzo Menifield,http://ufcstats.com/event-details/49c29e57d4e2be6f
Mana Martinez,http://ufcstats.com/event-details/49c29e57d4e2be6f
Jacob Malkoun,http://ufcstats.com/event-details/49c29e57d4e2be6f
Joanderson Brito,http://ufcstats.com/event-details/49c29e57d4e2be6f
Piera Rodriguez,http://ufcstats.com/event-details/49c29e57d4e2be6f
Tatsuro Taira,http://ufcstats.com/event-details/49c29e57d4e2be6f
Yan Xiaonan,http://ufcstats.com/event-details/4f670b7972fa0a2e
Randy Brown,http://ufcstats.com/event-details/4f670b7972fa0a2e
Raoni Barcelos,http://ufcstats.com/event-details/4f670b7972fa0a2e
Sodiq Yusuff,http://ufcstats.com/event-details/4f670b7972fa0a2e
Mike Davis,http://ufcstats.com/event-details/4f670b7972fa0a2e
Daniel Santos,http://ufcstats.com/event-details/4f670b7972fa0a2e
Ilir Latifi,http://ufcstats.com/event-details/4f670b7972fa0a2e
Joaquim Silva,http://ufcstats.com/event-details/4f670b7972fa0a2e
Brendan Allen,http://ufcstats.com/event-details/4f670b7972fa0a2e
Chelsea Chandler,http://ufcstats.com/event-details/4f670b7972fa0a2e
Cory Sandhagen,http://ufcstats.com/event-details/8d477c3fbe001f9d
Gregory Rodrigues,http://ufcstats.com/event-details/8d477c3fbe001f9d
Andre Fili,http://ufcstats.com/event-details/8d477c3fbe001f9d
Joe Pyfer,http://ufcstats.com/event-details/8d477c3fbe001f9d
Rodrigo Nascimento,http://ufcstats.com/event-details/8d477c3fbe001f9d
Anthony Hernandez,http://ufcstats.com/event-details/8d477c3fbe001f9d
Damon Jackson,http://ufcstats.com/event-details/8d477c3fbe001f9d
Trevin Giles,http://ufcstats.com/event-details/8d477c3fbe001f9d
Loma Lookboonmee,http://ufcstats.com/event-details/8d477c3fbe001f9d
Trey Ogden,http://ufcstats.com/event-details/8d477c3fbe001f9d
Gillian Robertson,http://ufcstats.com/event-details/8d477c3fbe001f9d
Javid Basharat,http://ufcstats.com/event-details/8d477c3fbe001f9d
Nate Diaz,http://ufcstats.com/event-details/93bf96be327fcd98
Khamzat Chimaev,http://ufcstats.com/event-details/93bf96be327fcd98
Daniel Rodriguez,http://ufcstats.com/event-details/93bf96be327fcd98
Irene Aldana,http://ufcstats.com/event-details/93bf96be327fcd98
Johnny Walker,http://ufcstats.com/event-details/93bf96be327fcd98
Julian Erosa,http://ufcstats.com/event-details/93bf96be327fcd98
Jailton Almeida,http://ufcstats.com/event-details/93bf96be327fcd98
Denis Tiuliulin,http://ufcstats.com/event-details/93bf96be327fcd98
Chris Barnett,http://ufcstats.com/event-details/93bf96be327fcd98
Norma Dumont,http://ufcstats.com/event-details/93bf96be327fcd98
Alatengheili,http://ufcstats.com/event-details/93bf96be327fcd98
Elise Reed,http://ufcstats.com/event-details/93bf96be327fcd98
Ciryl Gane,http://ufcstats.com/event-details/00a905a4a4a2b071
Robert Whittaker,http://ufcstats.com/event-details/00a905a4a4a2b071
Nassourdine Imavov,http://ufcstats.com/event-details/00a905a4a4a2b071
Roman Kopylov,http://ufcstats.com/event-details/00a905a4a4a2b071
William Gomis,http://ufcstats.com/event-details/00a905a4a4a2b071
Nathaniel Wood,http://ufcstats.com/event-details/00a905a4a4a2b071
Abus Magomedov,http://ufcstats.com/event-details/00a905a4a4a2b071
Nasrat Haqparast,http://ufcstats.com/event-details/00a905a4a4a2b071
Fares Ziam,http://ufcstats.com/event-details/00a905a4a4a2b071
Benoit Saint Denis,http://ufcstats.com/event-details/00a905a4a4a2b071
Cristian Quinonez,http://ufcstats.com/event-details/00a905a4a4a2b071
Leon Edwards,http://ufcstats.com/event-details/4f853e98886283cf
Paulo Costa,http://ufcstats.com/event-details/4f853e98886283cf
Merab Dvalishvili,http://ufcstats.com/event-details/4f853e98886283cf
Lucie Pudilova,http://ufcstats.com/event-details/4f853e98886283cf
Tyson Pedro,http://ufcstats.com/event-details/4f853e98886283cf
Marcin Tybura,http://ufcstats.com/event-details/4f853e98886283cf
Jared Gordon,http://ufcstats.com/event-details/4f853e98886283cf
Sean Woodson,http://ufcstats.com/event-details/4f853e98886283cf
Ange Loosa,http://ufcstats.com/event-details/4f853e98886283cf
Amir Albazi,http://ufcstats.com/event-details/4f853e98886283cf
Aoriqileng,http://ufcstats.com/event-details/4f853e98886283cf
Marlon Vera,http://ufcstats.com/event-details/a23e63184c65f5b8
Nate Landwehr,http://ufcstats.com/event-details/a23e63184c65f5b8
Yazmin Jauregui,http://ufcstats.com/event-details/a23e63184c65f5b8
Azamat Murzakanov,http://ufcstats.com/event-details/a23e63184c65f5b8
Priscila Cachoeira,http://ufcstats.com/event-details/a23e63184c65f5b8
Gerald Meerschaert,http://ufcstats.com/event-details/a23e63184c65f5b8
Angela Hill,http://ufcstats.com/event-details/a23e63184c65f5b8
Martin Buday,http://ufcstats.com/event-details/a23e63184c65f5b8
Nina Nunes,http://ufcstats.com/event-details/a23e63184c65f5b8
Gabriel Benitez,http://ufcstats.com/event-details/a23e63184c65f5b8
Tyson Nam,http://ufcstats.com/event-details/a23e63184c65f5b8
Josh Quinlan,http://ufcstats.com/event-details/a23e63184c65f5b8
Jamahal Hill,http://ufcstats.com/event-details/8f6a18831a120817
Geoff Neal,http://ufcstats.com/event-details/8f6a18831a120817
Mohammed Usman,http://ufcstats.com/event-details/8f6a18831a120817
Juliana Miller,http://ufcstats.com/event-details/8f6a18831a120817
Serghei Spivac,http://ufcstats.com/event-details/8f6a18831a120817
Terrance McKinney,http://ufcstats.com/event-details/8f6a18831a120817
Michal Oleksiejczuk,http://ufcstats.com/event-details/8f6a18831a120817
Bryan Battle,http://ufcstats.com/event-details/8f6a18831a120817
Cory McKenna,http://ufcstats.com/event-details/8f6a18831a120817
Amanda Nunes,http://ufcstats.com/event-details/b0a6124751a56bc4
Brandon Moreno,http://ufcstats.com/event-details/b0a6124751a56bc4
Sergei Pavlovich,http://ufcstats.com/event-details/b0a6124751a56bc4
Alexandre Pantoja,http://ufcstats.com/event-details/b0a6124751a56bc4
Magomed Ankalaev,http://ufcstats.com/event-details/b0a6124751a56bc4
Alex Morono,http://ufcstats.com/event-details/b0a6124751a56bc4
Drew Dober,http://ufcstats.com/event-details/b0a6124751a56bc4
Don'Tale Mayes,http://ufcstats.com/event-details/b0a6124751a56bc4
Drakkar Klose,http://ufcstats.com/event-details/b0a6124751a56bc4
Michael Morales,http://ufcstats.com/event-details/b0a6124751a56bc4
Joselyne Edwards,http://ufcstats.com/event-details/b0a6124751a56bc4
Nicolae Negumereanu,http://ufcstats.com/event-details/b0a6124751a56bc4
Curtis Blaydes,http://ufcstats.com/event-details/319c15b8aac5bfde
Jack Hermansson,http://ufcstats.com/event-details/319c15b8aac5bfde
Paddy Pimblett,http://ufcstats.com/event-details/319c15b8aac5bfde
Nikita Krylov,http://ufcstats.com/event-details/319c15b8aac5bfde
Molly McCann,http://ufcstats.com/event-details/319c15b8aac5bfde
Volkan Oezdemir,http://ufcstats.com/event-details/319c15b8aac5bfde
Ludovit Klein,http://ufcstats.com/event-details/319c15b8aac5bfde
Marc Diakiese,http://ufcstats.com/event-details/319c15b8aac5bfde
Nathaniel Wood,http://ufcstats.com/event-details/319c15b8aac5bfde
Jonathan Pearce,http://ufcstats.com/event-details/319c15b8aac5bfde
Muhammad Mokaev,http://ufcstats.com/event-details/319c15b8aac5bfde
Jai Herbert,http://ufcstats.com/event-details/319c15b8aac5bfde
Victoria Leonardo,http://ufcstats.com/event-details/319c15b8aac5bfde
Yair Rodriguez,http://ufcstats.com/event-details/8fd76e1b49c00ae2
Amanda Lemos,http://ufcstats.com/event-details/8fd76e1b49c00ae2
Li Jingliang,http://ufcstats.com/event-details/8fd76e1b49c00ae2
Matt Schnell,http://ufcstats.com/event-details/8fd76e1b49c00ae2
Shane Burgos,http://ufcstats.com/event-details/8fd76e1b49c00ae2
Lauren Murphy,http://ufcstats.com/event-details/8fd76e1b49c00ae2
Punahele Soriano,http://ufcstats.com/event-details/8fd76e1b49c00ae2
Ricky Simon,http://ufcstats.com/event-details/8fd76e1b49c00ae2
Bill Algeo,http://ufcstats.com/event-details/8fd76e1b49c00ae2
Dustin Jacoby,http://ufcstats.com/event-details/8fd76e1b49c00ae2
Dustin Stoltzfus,http://ufcstats.com/event-details/8fd76e1b49c00ae2
Rafael Fiziev,http://ufcstats.com/event-details/31da66df48c0c1a0
Caio Borralho,http://ufcstats.com/event-details/31da66df48c0c1a0
Said Nurmagomedov,http://ufcstats.com/event-details/31da66df48c0c1a0
Chase Sherman,http://ufcstats.com/event-details/31da66df48c0c1a0
Aiemann Zahabi,http://ufcstats.com/event-details/31da66df48c0c1a0
Jamie Mullarkey,http://ufcstats.com/event-details/31da66df48c0c1a0
Cody Brundage,http://ufcstats.com/event-details/31da66df48c0c1a0
Antonina Shevchenko,http://ufcstats.com/event-details/31da66df48c0c1a0
David Onama,http://ufcstats.com/event-details/31da66df48c0c1a0
Kennedy Nzechukwu,http://ufcstats.com/event-details/31da66df48c0c1a0
Israel Adesanya,http://ufcstats.com/event-details/4a9e305633f3ef47
Alexander Volkanovski,http://ufcstats.com/event-details/4a9e305633f3ef47
Alex Pereira,http://ufcstats.com/event-details/4a9e305633f3ef47
Bryan Barberena,http://ufcstats.com/event-details/4a9e305633f3ef47
Pedro Munhoz,http://ufcstats.com/event-details/4a9e305633f3ef47
Jalin Turner,http://ufcstats.com/event-details/4a9e305633f3ef47
Jim Miller,http://ufcstats.com/event-details/4a9e305633f3ef47
Ian Garry,http://ufcstats.com/event-details/4a9e305633f3ef47
Dricus Du Plessis,http://ufcstats.com/event-details/4a9e305633f3ef47
Andre Muniz,http://ufcstats.com/event-details/4a9e305633f3ef47
Maycee Barber,http://ufcstats.com/event-details/4a9e305633f3ef47
Mateusz Gamrot,http://ufcstats.com/event-details/eb42d4febfafefd1
Shavkat Rakhmonov,http://ufcstats.com/event-details/eb42d4febfafefd1
Josh Parisian,http://ufcstats.com/event-details/eb42d4febfafefd1
Thiago Moises,http://ufcstats.com/event-details/eb42d4febfafefd1
Umar Nurmagomedov,http://ufcstats.com/event-details/eb42d4febfafefd1
Chris Curtis,http://ufcstats.com/event-details/eb42d4febfafefd1
Carlos Ulberg,http://ufcstats.com/event-details/eb42d4febfafefd1
Shayilan Nuerdanbieke,http://ufcstats.com/event-details/eb42d4febfafefd1
Sergey Morozov,http://ufcstats.com/event-details/eb42d4febfafefd1
Cody Durden,http://ufcstats.com/event-details/eb42d4febfafefd1
Mario Bautista,http://ufcstats.com/event-details/eb42d4febfafefd1
Josh Emmett,http://ufcstats.com/event-details/a0a680fe2f6cc8e6
Kevin Holland,http://ufcstats.com/event-details/a0a680fe2f6cc8e6
Joaquin Buckley,http://ufcstats.com/event-details/a0a680fe2f6cc8e6
Damir Ismagulov,http://ufcstats.com/event-details/a0a680fe2f6cc8e6
Gregory Rodrigues,http://ufcstats.com/event-details/a0a680fe2f6cc8e6
Adrian Yanez,http://ufcstats.com/event-details/a0a680fe2f6cc8e6
Natalia Silva,http://ufcstats.com/event-details/a0a680fe2f6cc8e6
Jeremiah Wells,http://ufcstats.com/event-details/a0a680fe2f6cc8e6
Ricardo Ramos,http://ufcstats.com/event-details/a0a680fe2f6cc8e6
Maria Oliveira,http://ufcstats.com/event-details/a0a680fe2f6cc8e6
Cody Stamann,http://ufcstats.com/event-details/a0a680fe2f6cc8e6
Phil Hawes,http://ufcstats.com/event-details/a0a680fe2f6cc8e6
Jiri Prochazka,http://ufcstats.com/event-details/3a24769a4855040a
Valentina Shevchenko,http://ufcstats.com/event-details/3a24769a4855040a
Zhang Weili,http://ufcstats.com/event-details/3a24769a4855040a
Jake Matthews,http://ufcstats.com/event-details/3a24769a4855040a
Jack Della Maddalena,http://ufcstats.com/event-details/3a24769a4855040a
Josh Culibao,http://ufcstats.com/event-details/3a24769a4855040a
Maheshate,http://ufcstats.com/event-details/3a24769a4855040a
Brendan Allen,http://ufcstats.com/event-details/3a24769a4855040a
Kyung Ho Kang,http://ufcstats.com/event-details/3a24769a4855040a
Silvana Gomez Juarez,http://ufcstats.com/event-details/3a24769a4855040a
Alexander Volkov,http://ufcstats.com/event-details/57591bbf1623574e
Movsar Evloev,http://ufcstats.com/event-details/57591bbf1623574e
Lucas Almeida,http://ufcstats.com/event-details/57591bbf1623574e
Karine Silva,http://ufcstats.com/event-details/57591bbf1623574e
Ode Osbourne,http://ufcstats.com/event-details/57591bbf1623574e
Alonzo Menifield,http://ufcstats.com/event-details/57591bbf1623574e
Karolina Kowalkiewicz,http://ufcstats.com/event-details/57591bbf1623574e
Joe Solecki,http://ufcstats.com/event-details/57591bbf1623574e
Damon Jackson,http://ufcstats.com/event-details/57591bbf1623574e
Benoit Saint Denis,http://ufcstats.com/event-details/57591bbf1623574e
Tony Gravely,http://ufcstats.com/event-details/57591bbf1623574e
Jeff Molina,http://ufcstats.com/event-details/57591bbf1623574e
Rinat Fakhretdinov,http://ufcstats.com/event-details/57591bbf1623574e
Ketlen Vieira,http://ufcstats.com/event-details/a6c32678efd4f434
Michel Pereira,http://ufcstats.com/event-details/a6c32678efd4f434
Chidi Njokuani,http://ufcstats.com/event-details/a6c32678efd4f434
Tabatha Ricci,http://ufcstats.com/event-details/a6c32678efd4f434
JunYong Park,http://ufcstats.com/event-details/a6c32678efd4f434
Joseph Holmes,http://ufcstats.com/event-details/a6c32678efd4f434
Jailton Almeida,http://ufcstats.com/event-details/a6c32678efd4f434
Uros Medic,http://ufcstats.com/event-details/a6c32678efd4f434
Jonathan Martinez,http://ufcstats.com/event-details/a6c32678efd4f434
Chase Hooper,http://ufcstats.com/event-details/a6c32678efd4f434
Jan Blachowicz,http://ufcstats.com/event-details/60ba33c3f555a7a3
Ryan Spann,http://ufcstats.com/event-details/60ba33c3f555a7a3
Davey Grant,http://ufcstats.com/event-details/60ba33c3f555a7a3
Katlyn Chookagian,http://ufcstats.com/event-details/60ba33c3f555a7a3
Manuel Torres,http://ufcstats.com/event-details/60ba33c3f555a7a3
Allan Nascimento,http://ufcstats.com/event-details/60ba33c3f555a7a3
Viviane Araujo,http://ufcstats.com/event-details/60ba33c3f555a7a3
Michael Johnson,http://ufcstats.com/event-details/60ba33c3f555a7a3
Virna Jandiroba,http://ufcstats.com/event-details/60ba33c3f555a7a3
Tatsuro Taira,http://ufcstats.com/event-details/60ba33c3f555a7a3
Charles Oliveira,http://ufcstats.com/event-details/253d3f9e97ca149a
Carla Esparza,http://ufcstats.com/event-details/253d3f9e97ca149a
Michael Chandler,http://ufcstats.com/event-details/253d3f9e97ca149a
Ovince Saint Preux,http://ufcstats.com/event-details/253d3f9e97ca149a
Randy Brown,http://ufcstats.com/event-details/253d3f9e97ca149a
Francisco Trinaldo,http://ufcstats.com/event-details/253d3f9e97ca149a
Macy Chiasson,http://ufcstats.com/event-details/253d3f9e97ca149a
Brandon Royval,http://ufcstats.com/event-details/253d3f9e97ca149a
Blagoy Ivanov,http://ufcstats.com/event-details/253d3f9e97ca149a
Andre Fialho,http://ufcstats.com/event-details/253d3f9e97ca149a
Tracy Cortez,http://ufcstats.com/event-details/253d3f9e97ca149a
CJ Vergara,http://ufcstats.com/event-details/253d3f9e97ca149a
Loopy Godinez,http://ufcstats.com/event-details/253d3f9e97ca149a
Marlon Vera,http://ufcstats.com/event-details/6bf5a7d3e081ade2
Andrei Arlovski,http://ufcstats.com/event-details/6bf5a7d3e081ade2
Joanderson Brito,http://ufcstats.com/event-details/6bf5a7d3e081ade2
Grant Dawson,http://ufcstats.com/event-details/6bf5a7d3e081ade2
Darren Elkins,http://ufcstats.com/event-details/6bf5a7d3e081ade2
Krzysztof Jotko,http://ufcstats.com/event-details/6bf5a7d3e081ade2
Alexandr Romanov,http://ufcstats.com/event-details/6bf5a7d3e081ade2
Francisco Figueiredo,http://ufcstats.com/event-details/6bf5a7d3e081ade2
Gabe Green,http://ufcstats.com/event-details/6bf5a7d3e081ade2
Natan Levy,http://ufcstats.com/event-details/6bf5a7d3e081ade2
Jessica Andrade,http://ufcstats.com/event-details/236a37d96d476164
Claudio Puelles,http://ufcstats.com/event-details/236a37d96d476164
Maycee Barber,http://ufcstats.com/event-details/236a37d96d476164
Charles Jourdain,http://ufcstats.com/event-details/236a37d96d476164
Marc-Andre Barriault,http://ufcstats.com/event-details/236a37d96d476164
Sergey Khandozhko,http://ufcstats.com/event-details/236a37d96d476164
Tyson Pedro,http://ufcstats.com/event-details/236a37d96d476164
Aoriqileng,http://ufcstats.com/event-details/236a37d96d476164
Preston Parsons,http://ufcstats.com/event-details/236a37d96d476164
Philipe Lins,http://ufcstats.com/event-details/236a37d96d476164
Belal Muhammad,http://ufcstats.com/event-details/8753e125f4499816
Caio Borralho,http://ufcstats.com/event-details/8753e125f4499816
Andre Fialho,http://ufcstats.com/event-details/8753e125f4499816
Mayra Bueno Silva,http://ufcstats.com/event-details/8753e125f4499816
Pat Sabatini,http://ufcstats.com/event-details/8753e125f4499816
Mounir Lazzez,http://ufcstats.com/event-details/8753e125f4499816
Devin Clark,http://ufcstats.com/event-details/8753e125f4499816
Pannie Kianzad,http://ufcstats.com/event-details/8753e125f4499816
Drakkar Klose,http://ufcstats.com/event-details/8753e125f4499816
Rafa Garcia,http://ufcstats.com/event-details/8753e125f4499816
Martin Buday,http://ufcstats.com/event-details/8753e125f4499816
Jordan Leavitt,http://ufcstats.com/event-details/8753e125f4499816
Sam Hughes,http://ufcstats.com/event-details/8753e125f4499816
Alexander Volkanovski,http://ufcstats.com/event-details/3a97fda0de6f1fa4
Aljamain Sterling,http://ufcstats.com/event-details/3a97fda0de6f1fa4
Khamzat Chimaev,http://ufcstats.com/event-details/3a97fda0de6f1fa4
Mackenzie Dern,http://ufcstats.com/event-details/3a97fda0de6f1fa4
Mark Madsen,http://ufcstats.com/event-details/3a97fda0de6f1fa4
Ian Garry,http://ufcstats.com/event-details/3a97fda0de6f1fa4
Anthony Hernandez,http://ufcstats.com/event-details/3a97fda0de6f1fa4
Raquel Pennington,http://ufcstats.com/event-details/3a97fda0de6f1fa4
Mike Malott,http://ufcstats.com/event-details/3a97fda0de6f1fa4
Aleksei Oleinik,http://ufcstats.com/event-details/3a97fda0de6f1fa4
Piera Rodriguez,http://ufcstats.com/event-details/3a97fda0de6f1fa4
Curtis Blaydes,http://ufcstats.com/event-details/1fac46d466abd5b8
Alexa Grasso,http://ufcstats.com/event-details/1fac46d466abd5b8
Bryan Barberena,http://ufcstats.com/event-details/1fac46d466abd5b8
Kai Kara-France,http://ufcstats.com/event-details/1fac46d466abd5b8
Neil Magny,http://ufcstats.com/event-details/1fac46d466abd5b8
Marc Diakiese,http://ufcstats.com/event-details/1fac46d466abd5b8
Sara McMann,http://ufcstats.com/event-details/1fac46d466abd5b8
Chris Gutierrez,http://ufcstats.com/event-details/1fac46d466abd5b8
Aliaskhab Khizriev,http://ufcstats.com/event-details/1fac46d466abd5b8
Manon Fiorot,http://ufcstats.com/event-details/1fac46d466abd5b8
Matheus Nicolau,http://ufcstats.com/event-details/1fac46d466abd5b8
Tom Aspinall,http://ufcstats.com/event-details/1d00756835ca67c9
Arnold Allen,http://ufcstats.com/event-details/1d00756835ca67c9
Paddy Pimblett,http://ufcstats.com/event-details/1d00756835ca67c9
Gunnar Nelson,http://ufcstats.com/event-details/1d00756835ca67c9
Molly McCann,http://ufcstats.com/event-details/1d00756835ca67c9
Ilia Topuria,http://ufcstats.com/event-details/1d00756835ca67c9
Makwan Amirkhani,http://ufcstats.com/event-details/1d00756835ca67c9
Sergei Pavlovich,http://ufcstats.com/event-details/1d00756835ca67c9
Paul Craig,http://ufcstats.com/event-details/1d00756835ca67c9
Jack Shore,http://ufcstats.com/event-details/1d00756835ca67c9
Elise Reed,http://ufcstats.com/event-details/1d00756835ca67c9
Magomed Ankalaev,http://ufcstats.com/event-details/1f9344211ca7fd60
Song Yadong,http://ufcstats.com/event-details/1f9344211ca7fd60
Sodiq Yusuff,http://ufcstats.com/event-details/1f9344211ca7fd60
Khalil Rountree Jr.,http://ufcstats.com/event-details/1f9344211ca7fd60
Drew Dober,http://ufcstats.com/event-details/1f9344211ca7fd60
Alex Pereira,http://ufcstats.com/event-details/1f9344211ca7fd60
Matthew Semelsberger,http://ufcstats.com/event-details/1f9344211ca7fd60
JJ Aldrich,http://ufcstats.com/event-details/1f9344211ca7fd60
Javid Basharat,http://ufcstats.com/event-details/1f9344211ca7fd60
Damon Jackson,http://ufcstats.com/event-details/1f9344211ca7fd60
Miranda Maverick,http://ufcstats.com/event-details/1f9344211ca7fd60
Cody Brundage,http://ufcstats.com/event-details/1f9344211ca7fd60
Guido Cannetti,http://ufcstats.com/event-details/1f9344211ca7fd60
Colby Covington,http://ufcstats.com/event-details/75e0d3cc2262b732
Rafael Dos Anjos,http://ufcstats.com/event-details/75e0d3cc2262b732
Bryce Mitchell,http://ufcstats.com/event-details/75e0d3cc2262b732
Kevin Holland,http://ufcstats.com/event-details/75e0d3cc2262b732
Serghei Spivac,http://ufcstats.com/event-details/75e0d3cc2262b732
Jalin Turner,http://ufcstats.com/event-details/75e0d3cc2262b732
Marina Rodriguez,http://ufcstats.com/event-details/75e0d3cc2262b732
Nicolae Negumereanu,http://ufcstats.com/event-details/75e0d3cc2262b732
Maryna Moroz,http://ufcstats.com/event-details/75e0d3cc2262b732
Umar Nurmagomedov,http://ufcstats.com/event-details/75e0d3cc2262b732
Tim Elliott,http://ufcstats.com/event-details/75e0d3cc2262b732
Ludovit Klein,http://ufcstats.com/event-details/75e0d3cc2262b732
Islam Makhachev,http://ufcstats.com/event-details/f6a7b02c42e9fc5b
Wellington Turman,http://ufcstats.com/event-details/f6a7b02c42e9fc5b
Priscila Cachoeira,http://ufcstats.com/event-details/f6a7b02c42e9fc5b
Arman Tsarukyan,http://ufcstats.com/event-details/f6a7b02c42e9fc5b
Armen Petrosyan,http://ufcstats.com/event-details/f6a7b02c42e9fc5b
Ignacio Bahamondes,http://ufcstats.com/event-details/f6a7b02c42e9fc5b
Josiane Nunes,http://ufcstats.com/event-details/f6a7b02c42e9fc5b
Terrance McKinney,http://ufcstats.com/event-details/f6a7b02c42e9fc5b
Jonathan Martinez,http://ufcstats.com/event-details/f6a7b02c42e9fc5b
Ramiz Brahimaj,http://ufcstats.com/event-details/f6a7b02c42e9fc5b
Jamahal Hill,http://ufcstats.com/event-details/77940e45bc86208e
Kyle Daukaus,http://ufcstats.com/event-details/77940e45bc86208e
Parker Porter,http://ufcstats.com/event-details/77940e45bc86208e
Jim Miller,http://ufcstats.com/event-details/77940e45bc86208e
Joaquin Buckley,http://ufcstats.com/event-details/77940e45bc86208e
David Onama,http://ufcstats.com/event-details/77940e45bc86208e
Stephanie Egger,http://ufcstats.com/event-details/77940e45bc86208e
Chas Skelly,http://ufcstats.com/event-details/77940e45bc86208e
Gloria de Paula,http://ufcstats.com/event-details/77940e45bc86208e
Chad Anheliger,http://ufcstats.com/event-details/77940e45bc86208e
Jonathan Pearce,http://ufcstats.com/event-details/77940e45bc86208e
Israel Adesanya,http://ufcstats.com/event-details/cbb682f5fcc44bfc
Tai Tuivasa,http://ufcstats.com/event-details/cbb682f5fcc44bfc
Jared Cannonier,http://ufcstats.com/event-details/cbb682f5fcc44bfc
Renato Moicano,http://ufcstats.com/event-details/cbb682f5fcc44bfc
Bobby Green,http://ufcstats.com/event-details/cbb682f5fcc44bfc
Andrei Arlovski,http://ufcstats.com/event-details/cbb682f5fcc44bfc
Casey O'Neill,http://ufcstats.com/event-details/cbb682f5fcc44bfc
Kyler Phillips,http://ufcstats.com/event-details/cbb682f5fcc44bfc
Carlos Ulberg,http://ufcstats.com/event-details/cbb682f5fcc44bfc
Ronnie Lawrence,http://ufcstats.com/event-details/cbb682f5fcc44bfc
Jacob Malkoun,http://ufcstats.com/event-details/cbb682f5fcc44bfc
Douglas Silva de Andrade,http://ufcstats.com/event-details/cbb682f5fcc44bfc
Jeremiah Wells,http://ufcstats.com/event-details/cbb682f5fcc44bfc
Sean Strickland,http://ufcstats.com/event-details/883922e5cd6d8473
Nick Maximov,http://ufcstats.com/event-details/883922e5cd6d8473
Shavkat Rakhmonov,http://ufcstats.com/event-details/883922e5cd6d8473
Brendan Allen,http://ufcstats.com/event-details/883922e5cd6d8473
Bryan Battle,http://ufcstats.com/event-details/883922e5cd6d8473
Julian Erosa,http://ufcstats.com/event-details/883922e5cd6d8473
John Castaneda,http://ufcstats.com/event-details/883922e5cd6d8473
Hakeem Dawodu,http://ufcstats.com/event-details/883922e5cd6d8473
Chidi Njokuani,http://ufcstats.com/event-details/883922e5cd6d8473
Alexis Davis,http://ufcstats.com/event-details/883922e5cd6d8473
Jailton Almeida,http://ufcstats.com/event-details/883922e5cd6d8473
Phil Rowe,http://ufcstats.com/event-details/883922e5cd6d8473
Francis Ngannou,http://ufcstats.com/event-details/335ad945324c3a2e
Deiveson Figueiredo,http://ufcstats.com/event-details/335ad945324c3a2e
Michel Pereira,http://ufcstats.com/event-details/335ad945324c3a2e
Said Nurmagomedov,http://ufcstats.com/event-details/335ad945324c3a2e
Michael Morales,http://ufcstats.com/event-details/335ad945324c3a2e
Victor Henry,http://ufcstats.com/event-details/335ad945324c3a2e
Jack Della Maddalena,http://ufcstats.com/event-details/335ad945324c3a2e
Tony Gravely,http://ufcstats.com/event-details/335ad945324c3a2e
Matt Frevola,http://ufcstats.com/event-details/335ad945324c3a2e
Vanessa Demopoulos,http://ufcstats.com/event-details/335ad945324c3a2e
Calvin Kattar,http://ufcstats.com/event-details/f5585e675af7afd4
Jake Collier,http://ufcstats.com/event-details/f5585e675af7afd4
Brandon Royval,http://ufcstats.com/event-details/f5585e675af7afd4
Katlyn Chookagian,http://ufcstats.com/event-details/f5585e675af7afd4
Viacheslav Borshchev,http://ufcstats.com/event-details/f5585e675af7afd4
Bill Algeo,http://ufcstats.com/event-details/f5585e675af7afd4
Jamie Pickett,http://ufcstats.com/event-details/f5585e675af7afd4
Court McGee,http://ufcstats.com/event-details/f5585e675af7afd4
Brian Kelleher,http://ufcstats.com/event-details/f5585e675af7afd4
Derrick Lewis,http://ufcstats.com/event-details/2a470ad41c22c25a
Belal Muhammad,http://ufcstats.com/event-details/2a470ad41c22c25a
Amanda Lemos,http://ufcstats.com/event-details/2a470ad41c22c25a
Ricky Simon,http://ufcstats.com/event-details/2a470ad41c22c25a
Mateusz Gamrot,http://ufcstats.com/event-details/2a470ad41c22c25a
Cub Swanson,http://ufcstats.com/event-details/2a470ad41c22c25a
Gerald Meerschaert,http://ufcstats.com/event-details/2a470ad41c22c25a
Justin Tafa,http://ufcstats.com/event-details/2a470ad41c22c25a
Melissa Gatto,http://ufcstats.com/event-details/2a470ad41c22c25a
Charles Jourdain,http://ufcstats.com/event-details/2a470ad41c22c25a
Raquel Pennington,http://ufcstats.com/event-details/2a470ad41c22c25a
Don'Tale Mayes,http://ufcstats.com/event-details/2a470ad41c22c25a
Alex Pereira,http://ufcstats.com/event-details/3dc3022232b79c7a
Jorge Masvidal,http://ufcstats.com/event-details/3dc3022232b79c7a
Adrian Yanez,http://ufcstats.com/event-details/3dc3022232b79c7a
Santiago Ponzinibbio,http://ufcstats.com/event-details/3dc3022232b79c7a
Raul Rosas Jr.,http://ufcstats.com/event-details/3dc3022232b79c7a
Chris Curtis,http://ufcstats.com/event-details/3dc3022232b79c7a
Michelle Waterson-Gomez,http://ufcstats.com/event-details/3dc3022232b79c7a
Gerald Meerschaert,http://ufcstats.com/event-details/3dc3022232b79c7a
Cynthia Calvillo,http://ufcstats.com/event-details/3dc3022232b79c7a
Trey Ogden,http://ufcstats.com/event-details/3dc3022232b79c7a
Shayilan Nuerdanbieke,http://ufcstats.com/event-details/3dc3022232b79c7a
Marlon Vera,http://ufcstats.com/event-details/aec273fcb765330d
Yana Santos,http://ufcstats.com/event-details/aec273fcb765330d
Austin Lingo,http://ufcstats.com/event-details/aec273fcb765330d
Andrea Lee,http://ufcstats.com/event-details/aec273fcb765330d
Chidi Njokuani,http://ufcstats.com/event-details/aec273fcb765330d
Tucker Lutz,http://ufcstats.com/event-details/aec273fcb765330d
Steven Peterson,http://ufcstats.com/event-details/aec273fcb765330d
Preston Parsons,http://ufcstats.com/event-details/aec273fcb765330d
Daniel Lacerda,http://ufcstats.com/event-details/aec273fcb765330d
Kamaru Usman,http://ufcstats.com/event-details/e4bb7e483c4ad318
Rafael Fiziev,http://ufcstats.com/event-details/e4bb7e483c4ad318
Bryan Barberena,http://ufcstats.com/event-details/e4bb7e483c4ad318
Casey O'Neill,http://ufcstats.com/event-details/e4bb7e483c4ad318
Roman Dolidze,http://ufcstats.com/event-details/e4bb7e483c4ad318
Makwan Amirkhani,http://ufcstats.com/event-details/e4bb7e483c4ad318
Omar Morales,http://ufcstats.com/event-details/e4bb7e483c4ad318
Sam Patterson,http://ufcstats.com/event-details/e4bb7e483c4ad318
Jafel Filho,http://ufcstats.com/event-details/e4bb7e483c4ad318
Gabriel Santos,http://ufcstats.com/event-details/e4bb7e483c4ad318
Dusko Todorovic,http://ufcstats.com/event-details/e4bb7e483c4ad318
Malcolm Gordon,http://ufcstats.com/event-details/e4bb7e483c4ad318
Luana Carolina,http://ufcstats.com/event-details/e4bb7e483c4ad318
Ludovit Klein,http://ufcstats.com/event-details/e4bb7e483c4ad318
Petr Yan,http://ufcstats.com/event-details/35080a7f406f9ab3
Alexandr Romanov,http://ufcstats.com/event-details/35080a7f406f9ab3
Ryan Spann,http://ufcstats.com/event-details/35080a7f406f9ab3
Said Nurmagomedov,http://ufcstats.com/event-details/35080a7f406f9ab3
Guido Cannetti,http://ufcstats.com/event-details/35080a7f406f9ab3
Anton Turkalj,http://ufcstats.com/event-details/35080a7f406f9ab3
Lukasz Brzeski,http://ufcstats.com/event-details/35080a7f406f9ab3
Raphael Assuncao,http://ufcstats.com/event-details/35080a7f406f9ab3
Sedriques Dumas,http://ufcstats.com/event-details/35080a7f406f9ab3
Tony Gravely,http://ufcstats.com/event-details/35080a7f406f9ab3
JJ Aldrich,http://ufcstats.com/event-details/35080a7f406f9ab3
Tyson Nam,http://ufcstats.com/event-details/35080a7f406f9ab3
Ciryl Gane,http://ufcstats.com/event-details/1ccff7f0cfdf85eb
Valentina Shevchenko,http://ufcstats.com/event-details/1ccff7f0cfdf85eb
Geoff Neal,http://ufcstats.com/event-details/1ccff7f0cfdf85eb
Jalin Turner,http://ufcstats.com/event-details/1ccff7f0cfdf85eb
Jamie Pickett,http://ufcstats.com/event-details/1ccff7f0cfdf85eb
Trevin Jones,http://ufcstats.com/event-details/1ccff7f0cfdf85eb
Derek Brunson,http://ufcstats.com/event-details/1ccff7f0cfdf85eb
Viviane Araujo,http://ufcstats.com/event-details/1ccff7f0cfdf85eb
Julian Marquez,http://ufcstats.com/event-details/1ccff7f0cfdf85eb
Song Kenan,http://ufcstats.com/event-details/1ccff7f0cfdf85eb
Mana Martinez,http://ufcstats.com/event-details/1ccff7f0cfdf85eb
Jessica Penne,http://ufcstats.com/event-details/1ccff7f0cfdf85eb
Da'Mon Blackshear,http://ufcstats.com/event-details/1ccff7f0cfdf85eb
Andre Muniz,http://ufcstats.com/event-details/806975e1b4f47b27
Don'Tale Mayes,http://ufcstats.com/event-details/806975e1b4f47b27
Montana De La Rosa,http://ufcstats.com/event-details/806975e1b4f47b27
Yohan Lainesse,http://ufcstats.com/event-details/806975e1b4f47b27
Erick Gonzalez,http://ufcstats.com/event-details/806975e1b4f47b27
Gabriella Fernandes,http://ufcstats.com/event-details/806975e1b4f47b27
Victor Martinez,http://ufcstats.com/event-details/806975e1b4f47b27
Charles Johnson,http://ufcstats.com/event-details/806975e1b4f47b27
Carl Deaton,http://ufcstats.com/event-details/806975e1b4f47b27
Jessica Andrade,http://ufcstats.com/event-details/f21a3d68fb9df387
Jordan Wright,http://ufcstats.com/event-details/f21a3d68fb9df387
Josh Parisian,http://ufcstats.com/event-details/f21a3d68fb9df387
William Knight,http://ufcstats.com/event-details/f21a3d68fb9df387
Jim Miller,http://ufcstats.com/event-details/f21a3d68fb9df387
Evan Elder,http://ufcstats.com/event-details/f21a3d68fb9df387
Lina Lansberg,http://ufcstats.com/event-details/f21a3d68fb9df387
Khusein Askhabov,http://ufcstats.com/event-details/f21a3d68fb9df387
Ovince Saint Preux,http://ufcstats.com/event-details/f21a3d68fb9df387
Themba Gorimbo,http://ufcstats.com/event-details/f21a3d68fb9df387
Alexander Volkanovski,http://ufcstats.com/event-details/01dd4cdc2446f665
Josh Emmett,http://ufcstats.com/event-details/01dd4cdc2446f665
Randy Brown,http://ufcstats.com/event-details/01dd4cdc2446f665
Parker Porter,http://ufcstats.com/event-details/01dd4cdc2446f665
Alonzo Menifield,http://ufcstats.com/event-details/01dd4cdc2446f665
Tyson Pedro,http://ufcstats.com/event-details/01dd4cdc2446f665
Melsik Baghdasaryan,http://ufcstats.com/event-details/01dd4cdc2446f665
Shannon Ross,http://ufcstats.com/event-details/01dd4cdc2446f665
Francisco Prado,http://ufcstats.com/event-details/01dd4cdc2446f665
Don Shainis,http://ufcstats.com/event-details/01dd4cdc2446f665
Elise Reed,http://ufcstats.com/event-details/01dd4cdc2446f665
Shane Young,http://ufcstats.com/event-details/01dd4cdc2446f665
Derrick Lewis,http://ufcstats.com/event-details/d26394fc0e8e880a
Da Woon Jung,http://ufcstats.com/event-details/d26394fc0e8e880a
Blagoy Ivanov,http://ufcstats.com/event-details/d26394fc0e8e880a
Kyle Nelson,http://ufcstats.com/event-details/d26394fc0e8e880a
Yusaku Kinoshita,http://ufcstats.com/event-details/d26394fc0e8e880a
Jeka Saragih,http://ufcstats.com/event-details/d26394fc0e8e880a
Yi Zha,http://ufcstats.com/event-details/d26394fc0e8e880a
Toshiomi Kazama,http://ufcstats.com/event-details/d26394fc0e8e880a
SeungGuk Choi,http://ufcstats.com/event-details/d26394fc0e8e880a
Denis Tiuliulin,http://ufcstats.com/event-details/d26394fc0e8e880a
Glover Teixeira,http://ufcstats.com/event-details/5717efc6f271cd52
Deiveson Figueiredo,http://ufcstats.com/event-details/5717efc6f271cd52
Neil Magny,http://ufcstats.com/event-details/5717efc6f271cd52
Lauren Murphy,http://ufcstats.com/event-details/5717efc6f271cd52
Paul Craig,http://ufcstats.com/event-details/5717efc6f271cd52
Mauricio Rua,http://ufcstats.com/event-details/5717efc6f271cd52
Gregory Rodrigues,http://ufcstats.com/event-details/5717efc6f271cd52
Melquizael Costa,http://ufcstats.com/event-details/5717efc6f271cd52
Mounir Lazzez,http://ufcstats.com/event-details/5717efc6f271cd52
Shamil Abdurakhimov,http://ufcstats.com/event-details/5717efc6f271cd52
Luan Lacerda,http://ufcstats.com/event-details/5717efc6f271cd52
Terrance McKinney,http://ufcstats.com/event-details/5717efc6f271cd52
Warlley Alves,http://ufcstats.com/event-details/5717efc6f271cd52
Zarah Fairn,http://ufcstats.com/event-details/5717efc6f271cd52
Nassourdine Imavov,http://ufcstats.com/event-details/2e2cdb6e9eb84bb9
Damon Jackson,http://ufcstats.com/event-details/2e2cdb6e9eb84bb9
Punahele Soriano,http://ufcstats.com/event-details/2e2cdb6e9eb84bb9
Ketlen Vieira,http://ufcstats.com/event-details/2e2cdb6e9eb84bb9
Raoni Barcelos,http://ufcstats.com/event-details/2e2cdb6e9eb84bb9
Mateus Mendonca,http://ufcstats.com/event-details/2e2cdb6e9eb84bb9
Claudio Ribeiro,http://ufcstats.com/event-details/2e2cdb6e9eb84bb9
Nick Fiore,http://ufcstats.com/event-details/2e2cdb6e9eb84bb9
Carlos Hernandez,http://ufcstats.com/event-details/2e2cdb6e9eb84bb9
Nick Aguirre,http://ufcstats.com/event-details/2e2cdb6e9eb84bb9
Sean Strickland,http://ufcstats.com/event-details/56ec58954158966a
Damir Ismagulov,http://ufcstats.com/event-details/56ec58954158966a
Alessandro Costa,http://ufcstats.com/event-details/56ec58954158966a
Julian Erosa,http://ufcstats.com/event-details/56ec58954158966a
Bobby Green,http://ufcstats.com/event-details/56ec58954158966a
Cody Brundage,http://ufcstats.com/event-details/56ec58954158966a
Cheyanne Vlismas,http://ufcstats.com/event-details/56ec58954158966a
Jake Matthews,http://ufcstats.com/event-details/56ec58954158966a
Saidyokub Kakhramonov,http://ufcstats.com/event-details/56ec58954158966a
Maheshate,http://ufcstats.com/event-details/56ec58954158966a
Bryan Battle,http://ufcstats.com/event-details/56ec58954158966a
David Dvorak,http://ufcstats.com/event-details/56ec58954158966a
Magomed Ankalaev,http://ufcstats.com/event-details/f65a0eb902f9476b
Jared Gordon,http://ufcstats.com/event-details/f65a0eb902f9476b
Alex Morono,http://ufcstats.com/event-details/f65a0eb902f9476b
Darren Till,http://ufcstats.com/event-details/f65a0eb902f9476b
Bryce Mitchell,http://ufcstats.com/event-details/f65a0eb902f9476b
Jay Perrin,http://ufcstats.com/event-details/f65a0eb902f9476b
Chris Daukaus,http://ufcstats.com/event-details/f65a0eb902f9476b
Dalcha Lungiambula,http://ufcstats.com/event-details/f65a0eb902f9476b
Joaquin Buckley,http://ufcstats.com/event-details/f65a0eb902f9476b
Alexander Hernandez,http://ufcstats.com/event-details/f65a0eb902f9476b
Erik Silva,http://ufcstats.com/event-details/f65a0eb902f9476b
Kevin Holland,http://ufcstats.com/event-details/b23388ff8ac6637b
Bryan Barberena,http://ufcstats.com/event-details/b23388ff8ac6637b
Matt Schnell,http://ufcstats.com/event-details/b23388ff8ac6637b
Tai Tuivasa,http://ufcstats.com/event-details/b23388ff8ac6637b
Jack Hermansson,http://ufcstats.com/event-details/b23388ff8ac6637b
Kyle Daukaus,http://ufcstats.com/event-details/b23388ff8ac6637b
Niko Price,http://ufcstats.com/event-details/b23388ff8ac6637b
Emily Ducote,http://ufcstats.com/event-details/b23388ff8ac6637b
Scott Holtzman,http://ufcstats.com/event-details/b23388ff8ac6637b
Marc Diakiese,http://ufcstats.com/event-details/b23388ff8ac6637b
Darren Elkins,http://ufcstats.com/event-details/b23388ff8ac6637b
Genaro Valdez,http://ufcstats.com/event-details/b23388ff8ac6637b
Marcelo Rojo,http://ufcstats.com/event-details/b23388ff8ac6637b
Ion Cutelaba,http://ufcstats.com/event-details/012fc7cd0779c09a
Chase Sherman,http://ufcstats.com/event-details/012fc7cd0779c09a
Andre Fialho,http://ufcstats.com/event-details/012fc7cd0779c09a
Danny Roberts,http://ufcstats.com/event-details/012fc7cd0779c09a
Zhalgas Zhumagulov,http://ufcstats.com/event-details/012fc7cd0779c09a
Maryna Moroz,http://ufcstats.com/event-details/012fc7cd0779c09a
Vince Morales,http://ufcstats.com/event-details/012fc7cd0779c09a
Kevin Natividad,http://ufcstats.com/event-details/012fc7cd0779c09a
Maria Oliveira,http://ufcstats.com/event-details/012fc7cd0779c09a
Fernie Garcia,http://ufcstats.com/event-details/012fc7cd0779c09a
Israel Adesanya,http://ufcstats.com/event-details/b3b6e80b7d5f8f0d
Carla Esparza,http://ufcstats.com/event-details/b3b6e80b7d5f8f0d
Michael Chandler,http://ufcstats.com/event-details/b3b6e80b7d5f8f0d
Frankie Edgar,http://ufcstats.com/event-details/b3b6e80b7d5f8f0d
Claudio Puelles,http://ufcstats.com/event-details/b3b6e80b7d5f8f0d
Brad Riddell,http://ufcstats.com/event-details/b3b6e80b7d5f8f0d
Dominick Reyes,http://ufcstats.com/event-details/b3b6e80b7d5f8f0d
Molly McCann,http://ufcstats.com/event-details/b3b6e80b7d5f8f0d
Wellington Turman,http://ufcstats.com/event-details/b3b6e80b7d5f8f0d
Ottman Azaitar,http://ufcstats.com/event-details/b3b6e80b7d5f8f0d
Silvana Gomez Juarez,http://ufcstats.com/event-details/b3b6e80b7d5f8f0d
SeungWoo Choi,http://ufcstats.com/event-details/b3b6e80b7d5f8f0d
Julio Arce,http://ufcstats.com/event-details/b3b6e80b7d5f8f0d
Marina Rodriguez,http://ufcstats.com/event-details/756f45905fb20cb5
Daniel Rodriguez,http://ufcstats.com/event-details/756f45905fb20cb5
Darrick Minner,http://ufcstats.com/event-details/756f45905fb20cb5
Nate Maness,http://ufcstats.com/event-details/756f45905fb20cb5
Mark Madsen,http://ufcstats.com/event-details/756f45905fb20cb5
Shanna Young,http://ufcstats.com/event-details/756f45905fb20cb5
Benito Lopez,http://ufcstats.com/event-details/756f45905fb20cb5
Jinh Yu Frey,http://ufcstats.com/event-details/756f45905fb20cb5
Liudvik Sholinian,http://ufcstats.com/event-details/756f45905fb20cb5
Carlos Candelario,http://ufcstats.com/event-details/756f45905fb20cb5
Calvin Kattar,http://ufcstats.com/event-details/be5aab761c40ef35
Tim Means,http://ufcstats.com/event-details/be5aab761c40ef35
Jared Vanderaa,http://ufcstats.com/event-details/be5aab761c40ef35
Josh Fremd,http://ufcstats.com/event-details/be5aab761c40ef35
Dustin Jacoby,http://ufcstats.com/event-details/be5aab761c40ef35
Phil Hawes,http://ufcstats.com/event-details/be5aab761c40ef35
Andrei Arlovski,http://ufcstats.com/event-details/be5aab761c40ef35
Joseph Holmes,http://ufcstats.com/event-details/be5aab761c40ef35
Chase Hooper,http://ufcstats.com/event-details/be5aab761c40ef35
Carlos Mota,http://ufcstats.com/event-details/be5aab761c40ef35
Charles Oliveira,http://ufcstats.com/event-details/885e7f70dcac0007
TJ Dillashaw,http://ufcstats.com/event-details/885e7f70dcac0007
Petr Yan,http://ufcstats.com/event-details/885e7f70dcac0007
Mateusz Gamrot,http://ufcstats.com/event-details/885e7f70dcac0007
Katlyn Chookagian,http://ufcstats.com/event-details/885e7f70dcac0007
Sean Brady,http://ufcstats.com/event-details/885e7f70dcac0007
Makhmud Muradov,http://ufcstats.com/event-details/885e7f70dcac0007
Volkan Oezdemir,http://ufcstats.com/event-details/885e7f70dcac0007
Gadzhi Omargadzhiev,http://ufcstats.com/event-details/885e7f70dcac0007
AJ Dobson,http://ufcstats.com/event-details/885e7f70dcac0007
Malcolm Gordon,http://ufcstats.com/event-details/885e7f70dcac0007
Viviane Araujo,http://ufcstats.com/event-details/49c29e57d4e2be6f
Cub Swanson,http://ufcstats.com/event-details/49c29e57d4e2be6f
Jordan Wright,http://ufcstats.com/event-details/49c29e57d4e2be6f
Victor Henry,http://ufcstats.com/event-details/49c29e57d4e2be6f
Misha Cirkunov,http://ufcstats.com/event-details/49c29e57d4e2be6f
Brandon Davis,http://ufcstats.com/event-details/49c29e57d4e2be6f
Nick Maximov,http://ufcstats.com/event-details/49c29e57d4e2be6f
Lucas Alexander,http://ufcstats.com/event-details/49c29e57d4e2be6f
Sam Hughes,http://ufcstats.com/event-details/49c29e57d4e2be6f
CJ Vergara,http://ufcstats.com/event-details/49c29e57d4e2be6f
Mackenzie Dern,http://ufcstats.com/event-details/4f670b7972fa0a2e
Francisco Trinaldo,http://ufcstats.com/event-details/4f670b7972fa0a2e
Trevin Jones,http://ufcstats.com/event-details/4f670b7972fa0a2e
Don Shainis,http://ufcstats.com/event-details/4f670b7972fa0a2e
Viacheslav Borshchev,http://ufcstats.com/event-details/4f670b7972fa0a2e
John Castaneda,http://ufcstats.com/event-details/4f670b7972fa0a2e
Aleksei Oleinik,http://ufcstats.com/event-details/4f670b7972fa0a2e
Jesse Ronson,http://ufcstats.com/event-details/4f670b7972fa0a2e
Krzysztof Jotko,http://ufcstats.com/event-details/4f670b7972fa0a2e
Julija Stoliarenko,http://ufcstats.com/event-details/4f670b7972fa0a2e
Song Yadong,http://ufcstats.com/event-details/8d477c3fbe001f9d
Chidi Njokuani,http://ufcstats.com/event-details/8d477c3fbe001f9d
Bill Algeo,http://ufcstats.com/event-details/8d477c3fbe001f9d
Alen Amedovski,http://ufcstats.com/event-details/8d477c3fbe001f9d
Tanner Boser,http://ufcstats.com/event-details/8d477c3fbe001f9d
Marc-Andre Barriault,http://ufcstats.com/event-details/8d477c3fbe001f9d
Pat Sabatini,http://ufcstats.com/event-details/8d477c3fbe001f9d
Louis Cosce,http://ufcstats.com/event-details/8d477c3fbe001f9d
Denise Gomes,http://ufcstats.com/event-details/8d477c3fbe001f9d
Daniel Zellhuber,http://ufcstats.com/event-details/8d477c3fbe001f9d
Mariya Agapova,http://ufcstats.com/event-details/8d477c3fbe001f9d
Tony Gravely,http://ufcstats.com/event-details/8d477c3fbe001f9d
Tony Ferguson,http://ufcstats.com/event-details/93bf96be327fcd98
Kevin Holland,http://ufcstats.com/event-details/93bf96be327fcd98
Li Jingliang,http://ufcstats.com/event-details/93bf96be327fcd98
Macy Chiasson,http://ufcstats.com/event-details/93bf96be327fcd98
Ion Cutelaba,http://ufcstats.com/event-details/93bf96be327fcd98
Hakeem Dawodu,http://ufcstats.com/event-details/93bf96be327fcd98
Anton Turkalj,http://ufcstats.com/event-details/93bf96be327fcd98
Jamie Pickett,http://ufcstats.com/event-details/93bf96be327fcd98
Jake Collier,http://ufcstats.com/event-details/93bf96be327fcd98
Danyelle Wolf,http://ufcstats.com/event-details/93bf96be327fcd98
Chad Anheliger,http://ufcstats.com/event-details/93bf96be327fcd98
Melissa Martinez,http://ufcstats.com/event-details/93bf96be327fcd98
Tai Tuivasa,http://ufcstats.com/event-details/00a905a4a4a2b071
Marvin Vettori,http://ufcstats.com/event-details/00a905a4a4a2b071
Joaquin Buckley,http://ufcstats.com/event-details/00a905a4a4a2b071
Alessio Di Chirico,http://ufcstats.com/event-details/00a905a4a4a2b071
Jarno Errens,http://ufcstats.com/event-details/00a905a4a4a2b071
Charles Jourdain,http://ufcstats.com/event-details/00a905a4a4a2b071
Dustin Stoltzfus,http://ufcstats.com/event-details/00a905a4a4a2b071
John Makdessi,http://ufcstats.com/event-details/00a905a4a4a2b071
Michal Figlak,http://ufcstats.com/event-details/00a905a4a4a2b071
Gabriel Miranda,http://ufcstats.com/event-details/00a905a4a4a2b071
Khalid Taha,http://ufcstats.com/event-details/00a905a4a4a2b071
Kamaru Usman,http://ufcstats.com/event-details/4f853e98886283cf
Luke Rockhold,http://ufcstats.com/event-details/4f853e98886283cf
Jose Aldo,http://ufcstats.com/event-details/4f853e98886283cf
Wu Yanan,http://ufcstats.com/event-details/4f853e98886283cf
Harry Hunsucker,http://ufcstats.com/event-details/4f853e98886283cf
Alexandr Romanov,http://ufcstats.com/event-details/4f853e98886283cf
Leonardo Santos,http://ufcstats.com/event-details/4f853e98886283cf
Luis Saldana,http://ufcstats.com/event-details/4f853e98886283cf
AJ Fletcher,http://ufcstats.com/event-details/4f853e98886283cf
Francisco Figueiredo,http://ufcstats.com/event-details/4f853e98886283cf
Jay Perrin,http://ufcstats.com/event-details/4f853e98886283cf
Dominick Cruz,http://ufcstats.com/event-details/a23e63184c65f5b8
David Onama,http://ufcstats.com/event-details/a23e63184c65f5b8
Iasmin Lucindo,http://ufcstats.com/event-details/a23e63184c65f5b8
Devin Clark,http://ufcstats.com/event-details/a23e63184c65f5b8
Ariane Lipski,http://ufcstats.com/event-details/a23e63184c65f5b8
Bruno Silva,http://ufcstats.com/event-details/a23e63184c65f5b8
Loopy Godinez,http://ufcstats.com/event-details/a23e63184c65f5b8
Lukasz Brzeski,http://ufcstats.com/event-details/a23e63184c65f5b8
Cynthia Calvillo,http://ufcstats.com/event-details/a23e63184c65f5b8
Charlie Ontiveros,http://ufcstats.com/event-details/a23e63184c65f5b8
Ode Osbourne,http://ufcstats.com/event-details/a23e63184c65f5b8
Jason Witt,http://ufcstats.com/event-details/a23e63184c65f5b8
Thiago Santos,http://ufcstats.com/event-details/8f6a18831a120817
Vicente Luque,http://ufcstats.com/event-details/8f6a18831a120817
Zac Pauga,http://ufcstats.com/event-details/8f6a18831a120817
Brogan Walker,http://ufcstats.com/event-details/8f6a18831a120817
Augusto Sakai,http://ufcstats.com/event-details/8f6a18831a120817
Erick Gonzalez,http://ufcstats.com/event-details/8f6a18831a120817
Sam Alvey,http://ufcstats.com/event-details/8f6a18831a120817
Takashi Sato,http://ufcstats.com/event-details/8f6a18831a120817
Miranda Granger,http://ufcstats.com/event-details/8f6a18831a120817
Julianna Pena,http://ufcstats.com/event-details/b0a6124751a56bc4
Kai Kara-France,http://ufcstats.com/event-details/b0a6124751a56bc4
Derrick Lewis,http://ufcstats.com/event-details/b0a6124751a56bc4
Alex Perez,http://ufcstats.com/event-details/b0a6124751a56bc4
Anthony Smith,http://ufcstats.com/event-details/b0a6124751a56bc4
Matthew Semelsberger,http://ufcstats.com/event-details/b0a6124751a56bc4
Rafael Alves,http://ufcstats.com/event-details/b0a6124751a56bc4
Hamdy Abdelwahab,http://ufcstats.com/event-details/b0a6124751a56bc4
Rafa Garcia,http://ufcstats.com/event-details/b0a6124751a56bc4
Adam Fugitt,http://ufcstats.com/event-details/b0a6124751a56bc4
Ji Yeon Kim,http://ufcstats.com/event-details/b0a6124751a56bc4
Ihor Potieria,http://ufcstats.com/event-details/b0a6124751a56bc4
Tom Aspinall,http://ufcstats.com/event-details/319c15b8aac5bfde
Chris Curtis,http://ufcstats.com/event-details/319c15b8aac5bfde
Jordan Leavitt,http://ufcstats.com/event-details/319c15b8aac5bfde
Alexander Gustafsson,http://ufcstats.com/event-details/319c15b8aac5bfde
Hannah Goldy,http://ufcstats.com/event-details/319c15b8aac5bfde
Paul Craig,http://ufcstats.com/event-details/319c15b8aac5bfde
Mason Jones,http://ufcstats.com/event-details/319c15b8aac5bfde
Damir Hadzovic,http://ufcstats.com/event-details/319c15b8aac5bfde
Charles Rosa,http://ufcstats.com/event-details/319c15b8aac5bfde
Makwan Amirkhani,http://ufcstats.com/event-details/319c15b8aac5bfde
Charles Johnson,http://ufcstats.com/event-details/319c15b8aac5bfde
Kyle Nelson,http://ufcstats.com/event-details/319c15b8aac5bfde
Mandy Bohm,http://ufcstats.com/event-details/319c15b8aac5bfde
Brian Ortega,http://ufcstats.com/event-details/8fd76e1b49c00ae2
Michelle Waterson-Gomez,http://ufcstats.com/event-details/8fd76e1b49c00ae2
Muslim Salikhov,http://ufcstats.com/event-details/8fd76e1b49c00ae2
Sumudaerji,http://ufcstats.com/event-details/8fd76e1b49c00ae2
Charles Jourdain,http://ufcstats.com/event-details/8fd76e1b49c00ae2
Miesha Tate,http://ufcstats.com/event-details/8fd76e1b49c00ae2
Dalcha Lungiambula,http://ufcstats.com/event-details/8fd76e1b49c00ae2
Jack Shore,http://ufcstats.com/event-details/8fd76e1b49c00ae2
Herbert Burns,http://ufcstats.com/event-details/8fd76e1b49c00ae2
Da Woon Jung,http://ufcstats.com/event-details/8fd76e1b49c00ae2
Dwight Grant,http://ufcstats.com/event-details/8fd76e1b49c00ae2
Rafael Dos Anjos,http://ufcstats.com/event-details/31da66df48c0c1a0
Armen Petrosyan,http://ufcstats.com/event-details/31da66df48c0c1a0
Douglas Silva de Andrade,http://ufcstats.com/event-details/31da66df48c0c1a0
Jared Vanderaa,http://ufcstats.com/event-details/31da66df48c0c1a0
Ricky Turcios,http://ufcstats.com/event-details/31da66df48c0c1a0
Michael Johnson,http://ufcstats.com/event-details/31da66df48c0c1a0
Tresean Gore,http://ufcstats.com/event-details/31da66df48c0c1a0
Cortney Casey,http://ufcstats.com/event-details/31da66df48c0c1a0
Garrett Armfield,http://ufcstats.com/event-details/31da66df48c0c1a0
Karl Roberson,http://ufcstats.com/event-details/31da66df48c0c1a0
Jared Cannonier,http://ufcstats.com/event-details/4a9e305633f3ef47
Max Holloway,http://ufcstats.com/event-details/4a9e305633f3ef47
Sean Strickland,http://ufcstats.com/event-details/4a9e305633f3ef47
Robbie Lawler,http://ufcstats.com/event-details/4a9e305633f3ef47
Sean O'Malley,http://ufcstats.com/event-details/4a9e305633f3ef47
Brad Riddell,http://ufcstats.com/event-details/4a9e305633f3ef47
Donald Cerrone,http://ufcstats.com/event-details/4a9e305633f3ef47
Gabe Green,http://ufcstats.com/event-details/4a9e305633f3ef47
Brad Tavares,http://ufcstats.com/event-details/4a9e305633f3ef47
Uriah Hall,http://ufcstats.com/event-details/4a9e305633f3ef47
Jessica Eye,http://ufcstats.com/event-details/4a9e305633f3ef47
Arman Tsarukyan,http://ufcstats.com/event-details/eb42d4febfafefd1
Neil Magny,http://ufcstats.com/event-details/eb42d4febfafefd1
Alan Baudot,http://ufcstats.com/event-details/eb42d4febfafefd1
Christos Giagos,http://ufcstats.com/event-details/eb42d4febfafefd1
Nate Maness,http://ufcstats.com/event-details/eb42d4febfafefd1
Rodolfo Vieira,http://ufcstats.com/event-details/eb42d4febfafefd1
Tafon Nchukwi,http://ufcstats.com/event-details/eb42d4febfafefd1
TJ Brown,http://ufcstats.com/event-details/eb42d4febfafefd1
Raulian Paiva,http://ufcstats.com/event-details/eb42d4febfafefd1
JP Buys,http://ufcstats.com/event-details/eb42d4febfafefd1
Brian Kelleher,http://ufcstats.com/event-details/eb42d4febfafefd1
Calvin Kattar,http://ufcstats.com/event-details/a0a680fe2f6cc8e6
Tim Means,http://ufcstats.com/event-details/a0a680fe2f6cc8e6
Albert Duraev,http://ufcstats.com/event-details/a0a680fe2f6cc8e6
Guram Kutateladze,http://ufcstats.com/event-details/a0a680fe2f6cc8e6
Julian Marquez,http://ufcstats.com/event-details/a0a680fe2f6cc8e6
Tony Kelley,http://ufcstats.com/event-details/a0a680fe2f6cc8e6
Jasmine Jasudavicius,http://ufcstats.com/event-details/a0a680fe2f6cc8e6
Court McGee,http://ufcstats.com/event-details/a0a680fe2f6cc8e6
Danny Chavez,http://ufcstats.com/event-details/a0a680fe2f6cc8e6
Gloria de Paula,http://ufcstats.com/event-details/a0a680fe2f6cc8e6
Eddie Wineland,http://ufcstats.com/event-details/a0a680fe2f6cc8e6
Deron Winn,http://ufcstats.com/event-details/a0a680fe2f6cc8e6
Glover Teixeira,http://ufcstats.com/event-details/3a24769a4855040a
Taila Santos,http://ufcstats.com/event-details/3a24769a4855040a
Joanna Jedrzejczyk,http://ufcstats.com/event-details/3a24769a4855040a
Andre Fialho,http://ufcstats.com/event-details/3a24769a4855040a
Ramazan Emeev,http://ufcstats.com/event-details/3a24769a4855040a
SeungWoo Choi,http://ufcstats.com/event-details/3a24769a4855040a
Steve Garcia,http://ufcstats.com/event-details/3a24769a4855040a
Jacob Malkoun,http://ufcstats.com/event-details/3a24769a4855040a
Batgerel Danaa,http://ufcstats.com/event-details/3a24769a4855040a
Liang Na,http://ufcstats.com/event-details/3a24769a4855040a
Jairzinho Rozenstruik,http://ufcstats.com/event-details/57591bbf1623574e
Dan Ige,http://ufcstats.com/event-details/57591bbf1623574e
Michael Trizano,http://ufcstats.com/event-details/57591bbf1623574e
Poliana Botelho,http://ufcstats.com/event-details/57591bbf1623574e
Zarrukh Adashev,http://ufcstats.com/event-details/57591bbf1623574e
Askar Mozharov,http://ufcstats.com/event-details/57591bbf1623574e
Felice Herrig,http://ufcstats.com/event-details/57591bbf1623574e
Alex Da Silva,http://ufcstats.com/event-details/57591bbf1623574e
Dan Argueta,http://ufcstats.com/event-details/57591bbf1623574e
Niklas Stolze,http://ufcstats.com/event-details/57591bbf1623574e
Johnny Munoz,http://ufcstats.com/event-details/57591bbf1623574e
Zhalgas Zhumagulov,http://ufcstats.com/event-details/57591bbf1623574e
Andreas Michailidis,http://ufcstats.com/event-details/57591bbf1623574e
Holly Holm,http://ufcstats.com/event-details/a6c32678efd4f434
Santiago Ponzinibbio,http://ufcstats.com/event-details/a6c32678efd4f434
Dusko Todorovic,http://ufcstats.com/event-details/a6c32678efd4f434
Polyana Viana,http://ufcstats.com/event-details/a6c32678efd4f434
Eryk Anders,http://ufcstats.com/event-details/a6c32678efd4f434
Alen Amedovski,http://ufcstats.com/event-details/a6c32678efd4f434
Parker Porter,http://ufcstats.com/event-details/a6c32678efd4f434
Omar Morales,http://ufcstats.com/event-details/a6c32678efd4f434
Vince Morales,http://ufcstats.com/event-details/a6c32678efd4f434
Felipe Colares,http://ufcstats.com/event-details/a6c32678efd4f434
Aleksandar Rakic,http://ufcstats.com/event-details/60ba33c3f555a7a3
Ion Cutelaba,http://ufcstats.com/event-details/60ba33c3f555a7a3
Louis Smolka,http://ufcstats.com/event-details/60ba33c3f555a7a3
Amanda Ribas,http://ufcstats.com/event-details/60ba33c3f555a7a3
Frank Camacho,http://ufcstats.com/event-details/60ba33c3f555a7a3
Jake Hadley,http://ufcstats.com/event-details/60ba33c3f555a7a3
Andrea Lee,http://ufcstats.com/event-details/60ba33c3f555a7a3
Alan Patrick,http://ufcstats.com/event-details/60ba33c3f555a7a3
Angela Hill,http://ufcstats.com/event-details/60ba33c3f555a7a3
Carlos Candelario,http://ufcstats.com/event-details/60ba33c3f555a7a3
Justin Gaethje,http://ufcstats.com/event-details/253d3f9e97ca149a
Rose Namajunas,http://ufcstats.com/event-details/253d3f9e97ca149a
Tony Ferguson,http://ufcstats.com/event-details/253d3f9e97ca149a
Mauricio Rua,http://ufcstats.com/event-details/253d3f9e97ca149a
Khaos Williams,http://ufcstats.com/event-details/253d3f9e97ca149a
Danny Roberts,http://ufcstats.com/event-details/253d3f9e97ca149a
Norma Dumont,http://ufcstats.com/event-details/253d3f9e97ca149a
Matt Schnell,http://ufcstats.com/event-details/253d3f9e97ca149a
Marcos Rogerio de Lima,http://ufcstats.com/event-details/253d3f9e97ca149a
Cameron VanCamp,http://ufcstats.com/event-details/253d3f9e97ca149a
Melissa Gatto,http://ufcstats.com/event-details/253d3f9e97ca149a
Kleydson Rodrigues,http://ufcstats.com/event-details/253d3f9e97ca149a
Ariane Carnelossi,http://ufcstats.com/event-details/253d3f9e97ca149a
Rob Font,http://ufcstats.com/event-details/6bf5a7d3e081ade2
Jake Collier,http://ufcstats.com/event-details/6bf5a7d3e081ade2
Andre Fili,http://ufcstats.com/event-details/6bf5a7d3e081ade2
Jared Gordon,http://ufcstats.com/event-details/6bf5a7d3e081ade2
Tristan Connelly,http://ufcstats.com/event-details/6bf5a7d3e081ade2
Gerald Meerschaert,http://ufcstats.com/event-details/6bf5a7d3e081ade2
Chase Sherman,http://ufcstats.com/event-details/6bf5a7d3e081ade2
Daniel Lacerda,http://ufcstats.com/event-details/6bf5a7d3e081ade2
Yohan Lainesse,http://ufcstats.com/event-details/6bf5a7d3e081ade2
Mike Breeden,http://ufcstats.com/event-details/6bf5a7d3e081ade2
Amanda Lemos,http://ufcstats.com/event-details/236a37d96d476164
Clay Guida,http://ufcstats.com/event-details/236a37d96d476164
Montana De La Rosa,http://ufcstats.com/event-details/236a37d96d476164
Lando Vannata,http://ufcstats.com/event-details/236a37d96d476164
Jordan Wright,http://ufcstats.com/event-details/236a37d96d476164
Dwight Grant,http://ufcstats.com/event-details/236a37d96d476164
Ike Villanueva,http://ufcstats.com/event-details/236a37d96d476164
Cameron Else,http://ufcstats.com/event-details/236a37d96d476164
Evan Elder,http://ufcstats.com/event-details/236a37d96d476164
Marcin Prachnio,http://ufcstats.com/event-details/236a37d96d476164
Vicente Luque,http://ufcstats.com/event-details/8753e125f4499816
Gadzhi Omargadzhiev,http://ufcstats.com/event-details/8753e125f4499816
Miguel Baeza,http://ufcstats.com/event-details/8753e125f4499816
Wu Yanan,http://ufcstats.com/event-details/8753e125f4499816
TJ Laramie,http://ufcstats.com/event-details/8753e125f4499816
Ange Loosa,http://ufcstats.com/event-details/8753e125f4499816
William Knight,http://ufcstats.com/event-details/8753e125f4499816
Lina Lansberg,http://ufcstats.com/event-details/8753e125f4499816
Brandon Jenkins,http://ufcstats.com/event-details/8753e125f4499816
Jesse Ronson,http://ufcstats.com/event-details/8753e125f4499816
Chris Barnett,http://ufcstats.com/event-details/8753e125f4499816
Trey Ogden,http://ufcstats.com/event-details/8753e125f4499816
Istela Nunes,http://ufcstats.com/event-details/8753e125f4499816
Chan Sung Jung,http://ufcstats.com/event-details/3a97fda0de6f1fa4
Petr Yan,http://ufcstats.com/event-details/3a97fda0de6f1fa4
Gilbert Burns,http://ufcstats.com/event-details/3a97fda0de6f1fa4
Tecia Torres,http://ufcstats.com/event-details/3a97fda0de6f1fa4
Vinc Pichel,http://ufcstats.com/event-details/3a97fda0de6f1fa4
Darian Weeks,http://ufcstats.com/event-details/3a97fda0de6f1fa4
Josh Fremd,http://ufcstats.com/event-details/3a97fda0de6f1fa4
Aspen Ladd,http://ufcstats.com/event-details/3a97fda0de6f1fa4
Mickey Gall,http://ufcstats.com/event-details/3a97fda0de6f1fa4
Jared Vanderaa,http://ufcstats.com/event-details/3a97fda0de6f1fa4
Kay Hansen,http://ufcstats.com/event-details/3a97fda0de6f1fa4
Chris Daukaus,http://ufcstats.com/event-details/1fac46d466abd5b8
Joanne Wood,http://ufcstats.com/event-details/1fac46d466abd5b8
Matt Brown,http://ufcstats.com/event-details/1fac46d466abd5b8
Askar Askarov,http://ufcstats.com/event-details/1fac46d466abd5b8
Max Griffin,http://ufcstats.com/event-details/1fac46d466abd5b8
Viacheslav Borshchev,http://ufcstats.com/event-details/1fac46d466abd5b8
Karol Rosa,http://ufcstats.com/event-details/1fac46d466abd5b8
Batgerel Danaa,http://ufcstats.com/event-details/1fac46d466abd5b8
Denis Tiuliulin,http://ufcstats.com/event-details/1fac46d466abd5b8
Jennifer Maia,http://ufcstats.com/event-details/1fac46d466abd5b8
David Dvorak,http://ufcstats.com/event-details/1fac46d466abd5b8
Alexander Volkov,http://ufcstats.com/event-details/1d00756835ca67c9
Dan Hooker,http://ufcstats.com/event-details/1d00756835ca67c9
Kazula Vargas,http://ufcstats.com/event-details/1d00756835ca67c9
Takashi Sato,http://ufcstats.com/event-details/1d00756835ca67c9
Luana Carolina,http://ufcstats.com/event-details/1d00756835ca67c9
Jai Herbert,http://ufcstats.com/event-details/1d00756835ca67c9
Mike Grundy,http://ufcstats.com/event-details/1d00756835ca67c9
Shamil Abdurakhimov,http://ufcstats.com/event-details/1d00756835ca67c9
Nikita Krylov,http://ufcstats.com/event-details/1d00756835ca67c9
Timur Valiev,http://ufcstats.com/event-details/1d00756835ca67c9
Cory McKenna,http://ufcstats.com/event-details/1d00756835ca67c9
Thiago Santos,http://ufcstats.com/event-details/1f9344211ca7fd60
Marlon Moraes,http://ufcstats.com/event-details/1f9344211ca7fd60
Alex Caceres,http://ufcstats.com/event-details/1f9344211ca7fd60
Karl Roberson,http://ufcstats.com/event-details/1f9344211ca7fd60
Terrance McKinney,http://ufcstats.com/event-details/1f9344211ca7fd60
Bruno Silva,http://ufcstats.com/event-details/1f9344211ca7fd60
AJ Fletcher,http://ufcstats.com/event-details/1f9344211ca7fd60
Gillian Robertson,http://ufcstats.com/event-details/1f9344211ca7fd60
Trevin Jones,http://ufcstats.com/event-details/1f9344211ca7fd60
Kamuela Kirk,http://ufcstats.com/event-details/1f9344211ca7fd60
Sabina Mazo,http://ufcstats.com/event-details/1f9344211ca7fd60
Dalcha Lungiambula,http://ufcstats.com/event-details/1f9344211ca7fd60
Kris Moutinho,http://ufcstats.com/event-details/1f9344211ca7fd60
Jorge Masvidal,http://ufcstats.com/event-details/75e0d3cc2262b732
Renato Moicano,http://ufcstats.com/event-details/75e0d3cc2262b732
Edson Barboza,http://ufcstats.com/event-details/75e0d3cc2262b732
Alex Oliveira,http://ufcstats.com/event-details/75e0d3cc2262b732
Greg Hardy,http://ufcstats.com/event-details/75e0d3cc2262b732
Jamie Mullarkey,http://ufcstats.com/event-details/75e0d3cc2262b732
Yan Xiaonan,http://ufcstats.com/event-details/75e0d3cc2262b732
Kennedy Nzechukwu,http://ufcstats.com/event-details/75e0d3cc2262b732
Mariya Agapova,http://ufcstats.com/event-details/75e0d3cc2262b732
Brian Kelleher,http://ufcstats.com/event-details/75e0d3cc2262b732
Tagir Ulanbekov,http://ufcstats.com/event-details/75e0d3cc2262b732
Devonte Smith,http://ufcstats.com/event-details/75e0d3cc2262b732
Bobby Green,http://ufcstats.com/event-details/f6a7b02c42e9fc5b
Misha Cirkunov,http://ufcstats.com/event-details/f6a7b02c42e9fc5b
Ji Yeon Kim,http://ufcstats.com/event-details/f6a7b02c42e9fc5b
Joel Alvarez,http://ufcstats.com/event-details/f6a7b02c42e9fc5b
Gregory Rodrigues,http://ufcstats.com/event-details/f6a7b02c42e9fc5b
Rong Zhu,http://ufcstats.com/event-details/f6a7b02c42e9fc5b
Ramona Pascual,http://ufcstats.com/event-details/f6a7b02c42e9fc5b
Fares Ziam,http://ufcstats.com/event-details/f6a7b02c42e9fc5b
Alejandro Perez,http://ufcstats.com/event-details/f6a7b02c42e9fc5b
Micheal Gillmore,http://ufcstats.com/event-details/f6a7b02c42e9fc5b
Johnny Walker,http://ufcstats.com/event-details/77940e45bc86208e
Jamie Pickett,http://ufcstats.com/event-details/77940e45bc86208e
Alan Baudot,http://ufcstats.com/event-details/77940e45bc86208e
Nikolas Motta,http://ufcstats.com/event-details/77940e45bc86208e
Abdul Razak Alhassan,http://ufcstats.com/event-details/77940e45bc86208e
Gabriel Benitez,http://ufcstats.com/event-details/77940e45bc86208e
Jessica-Rose Clark,http://ufcstats.com/event-details/77940e45bc86208e
Mark Striegl,http://ufcstats.com/event-details/77940e45bc86208e
Diana Belbita,http://ufcstats.com/event-details/77940e45bc86208e
Jesse Strader,http://ufcstats.com/event-details/77940e45bc86208e
Christian Rodriguez,http://ufcstats.com/event-details/77940e45bc86208e
Robert Whittaker,http://ufcstats.com/event-details/cbb682f5fcc44bfc
Derrick Lewis,http://ufcstats.com/event-details/cbb682f5fcc44bfc
Derek Brunson,http://ufcstats.com/event-details/cbb682f5fcc44bfc
Alexander Hernandez,http://ufcstats.com/event-details/cbb682f5fcc44bfc
Nasrat Haqparast,http://ufcstats.com/event-details/cbb682f5fcc44bfc
Jared Vanderaa,http://ufcstats.com/event-details/cbb682f5fcc44bfc
Roxanne Modafferi,http://ufcstats.com/event-details/cbb682f5fcc44bfc
Marcelo Rojo,http://ufcstats.com/event-details/cbb682f5fcc44bfc
Fabio Cherant,http://ufcstats.com/event-details/cbb682f5fcc44bfc
Mana Martinez,http://ufcstats.com/event-details/cbb682f5fcc44bfc
AJ Dobson,http://ufcstats.com/event-details/cbb682f5fcc44bfc
Sergey Morozov,http://ufcstats.com/event-details/cbb682f5fcc44bfc
Blood Diamond,http://ufcstats.com/event-details/cbb682f5fcc44bfc
Jack Hermansson,http://ufcstats.com/event-details/883922e5cd6d8473
Punahele Soriano,http://ufcstats.com/event-details/883922e5cd6d8473
Carlston Harris,http://ufcstats.com/event-details/883922e5cd6d8473
Sam Alvey,http://ufcstats.com/event-details/883922e5cd6d8473
Tresean Gore,http://ufcstats.com/event-details/883922e5cd6d8473
Steven Peterson,http://ufcstats.com/event-details/883922e5cd6d8473
Miles Johns,http://ufcstats.com/event-details/883922e5cd6d8473
Michael Trizano,http://ufcstats.com/event-details/883922e5cd6d8473
Marc-Andre Barriault,http://ufcstats.com/event-details/883922e5cd6d8473
Julija Stoliarenko,http://ufcstats.com/event-details/883922e5cd6d8473
Danilo Marques,http://ufcstats.com/event-details/883922e5cd6d8473
Jason Witt,http://ufcstats.com/event-details/883922e5cd6d8473
Ciryl Gane,http://ufcstats.com/event-details/335ad945324c3a2e
Brandon Moreno,http://ufcstats.com/event-details/335ad945324c3a2e
Andre Fialho,http://ufcstats.com/event-details/335ad945324c3a2e
Cody Stamann,http://ufcstats.com/event-details/335ad945324c3a2e
Trevin Giles,http://ufcstats.com/event-details/335ad945324c3a2e
Raoni Barcelos,http://ufcstats.com/event-details/335ad945324c3a2e
Pete Rodriguez,http://ufcstats.com/event-details/335ad945324c3a2e
Saimon Oliveira,http://ufcstats.com/event-details/335ad945324c3a2e
Genaro Valdez,http://ufcstats.com/event-details/335ad945324c3a2e
Silvana Gomez Juarez,http://ufcstats.com/event-details/335ad945324c3a2e
Giga Chikadze,http://ufcstats.com/event-details/f5585e675af7afd4
Chase Sherman,http://ufcstats.com/event-details/f5585e675af7afd4
Rogerio Bontorin,http://ufcstats.com/event-details/f5585e675af7afd4
Jennifer Maia,http://ufcstats.com/event-details/f5585e675af7afd4
Dakota Bush,http://ufcstats.com/event-details/f5585e675af7afd4
Joanderson Brito,http://ufcstats.com/event-details/f5585e675af7afd4
Joseph Holmes,http://ufcstats.com/event-details/f5585e675af7afd4
Ramiz Brahimaj,http://ufcstats.com/event-details/f5585e675af7afd4
Kevin Croom,http://ufcstats.com/event-details/f5585e675af7afd4
Chris Daukaus,http://ufcstats.com/event-details/2a470ad41c22c25a
Stephen Thompson,http://ufcstats.com/event-details/2a470ad41c22c25a
Angela Hill,http://ufcstats.com/event-details/2a470ad41c22c25a
Raphael Assuncao,http://ufcstats.com/event-details/2a470ad41c22c25a
Diego Ferreira,http://ufcstats.com/event-details/2a470ad41c22c25a
Darren Elkins,http://ufcstats.com/event-details/2a470ad41c22c25a
Dustin Stoltzfus,http://ufcstats.com/event-details/2a470ad41c22c25a
Harry Hunsucker,http://ufcstats.com/event-details/2a470ad41c22c25a
Sijara Eubanks,http://ufcstats.com/event-details/2a470ad41c22c25a
Andre Ewell,http://ufcstats.com/event-details/2a470ad41c22c25a
Macy Chiasson,http://ufcstats.com/event-details/2a470ad41c22c25a
Josh Parisian,http://ufcstats.com/event-details/2a470ad41c22c25a
