fighter,fighter_url
Max Holloway,http://ufcstats.com/fighter-details/150ff4cc642270b9
Arnold Allen,http://ufcstats.com/fighter-details/040a74bb0a465c54
Edson Barboza,http://ufcstats.com/fighter-details/64a50dad704d1d49
Billy Quarantillo,http://ufcstats.com/fighter-details/aa171d55d4b5208f
Azamat Murzakanov,http://ufcstats.com/fighter-details/e90a2f22417af68e
Dustin Jacoby,http://ufcstats.com/fighter-details/e4277e87a789d687
Ion Cutelaba,http://ufcstats.com/fighter-details/cd13728ae1151f46
Tanner Boser,http://ufcstats.com/fighter-details/04c8b08b16a5b99e
Pedro Munhoz,http://ufcstats.com/fighter-details/6bd02119599741a4
Chris Gutierrez,http://ufcstats.com/fighter-details/45f0cc9d18f35137
Rafa Garcia,http://ufcstats.com/fighter-details/e132d47bd9efbbe0
Clay Guida,http://ufcstats.com/fighter-details/c47df9303d318c67
Bill Algeo,http://ufcstats.com/fighter-details/9abc648e76c4493a
TJ Brown,http://ufcstats.com/fighter-details/d31cbcdd7d69536d
Brandon Royval,http://ufcstats.com/fighter-details/6e15f63b6c2e2c15
Matheus Nicolau,http://ufcstats.com/fighter-details/1a31ef98efce7a79
Zak Cummings,http://ufcstats.com/fighter-details/4ba8d454f762005d
Ed Herman,http://ufcstats.com/fighter-details/06f36cf4bd97ec77
Gillian Robertson,http://ufcstats.com/fighter-details/38c7f72747f4f712
Piera Rodriguez,http://ufcstats.com/fighter-details/e375cb5caf4717b6
Daniel Zellhuber,http://ufcstats.com/fighter-details/4148802ae4a50768
Lando Vannata,http://ufcstats.com/fighter-details/f9b200db02b488d9
Denise Gomes,http://ufcstats.com/fighter-details/cffb87059e645bd1
Bruna Brasil,http://ufcstats.com/fighter-details/7138a15258dabf20
Gaston Bolanos,http://ufcstats.com/fighter-details/96924b0019b3aff1
Aaron Phillips,http://ufcstats.com/fighter-details/34c2b3656f88f7ef
Joselyne Edwards,http://ufcstats.com/fighter-details/f9ab66e67240db7b
Lucie Pudilova,http://ufcstats.com/fighter-details/3cf66c62d9069f43
Israel Adesanya,http://ufcstats.com/fighter-details/1338e2c7480bdf9e
Alex Pereira,http://ufcstats.com/fighter-details/e5549c82bfb5582d
Gilbert Burns,http://ufcstats.com/fighter-details/23024fdfc966410a
Jorge Masvidal,http://ufcstats.com/fighter-details/47b9e0e7703a4868
Rob Font,http://ufcstats.com/fighter-details/05339613bf8e9808
Adrian Yanez,http://ufcstats.com/fighter-details/0232cabbc30a2372
Kevin Holland,http://ufcstats.com/fighter-details/3a46b268013afede
Santiago Ponzinibbio,http://ufcstats.com/fighter-details/6d1bffff14897645
Christian Rodriguez,http://ufcstats.com/fighter-details/5ec591b78349ba7e
Raul Rosas Jr.,http://ufcstats.com/fighter-details/fe2babf95de24fb1
Kelvin Gastelum,http://ufcstats.com/fighter-details/8c0580d4fff106c1
Chris Curtis,http://ufcstats.com/fighter-details/5442f1bc4b47eaf3
Luana Pinheiro,http://ufcstats.com/fighter-details/a3a542074109b347
Michelle Waterson-Gomez,http://ufcstats.com/fighter-details/eb04b9d31e938edb
Joe Pyfer,http://ufcstats.com/fighter-details/c1085e1701b13eca
Gerald Meerschaert,http://ufcstats.com/fighter-details/6ac9bc2953c47345
Loopy Godinez,http://ufcstats.com/fighter-details/8e5d953bdb9ae5e7
Cynthia Calvillo,http://ufcstats.com/fighter-details/98215d037be5bcb7
Ignacio Bahamondes,http://ufcstats.com/fighter-details/e4a47b07044ddd72
Trey Ogden,http://ufcstats.com/fighter-details/cfc3e7bb44685289
Steve Garcia,http://ufcstats.com/fighter-details/97cf1a2c7c5e7889
Shayilan Nuerdanbieke,http://ufcstats.com/fighter-details/0a73acff6325c1e2
Sam Hughes,http://ufcstats.com/fighter-details/e94085e821bd81de
Jaqueline Amorim,http://ufcstats.com/fighter-details/bc7d1ad49fcb2d08
Cory Sandhagen,http://ufcstats.com/fighter-details/65f09bacd3957381
Marlon Vera,http://ufcstats.com/fighter-details/7c7332319c14094c
Holly Holm,http://ufcstats.com/fighter-details/634e2fb70bde3fd5
Yana Santos,http://ufcstats.com/fighter-details/3143bf892608139a
Nate Landwehr,http://ufcstats.com/fighter-details/583ee11abddfc581
Austin Lingo,http://ufcstats.com/fighter-details/305d73ede05e31ad
Maycee Barber,http://ufcstats.com/fighter-details/6a740daf1b279661
Andrea Lee,http://ufcstats.com/fighter-details/05fa626cb33d15b8
Albert Duraev,http://ufcstats.com/fighter-details/6b7c7460855dbbb9
Chidi Njokuani,http://ufcstats.com/fighter-details/c68c68efaa5ca6ef
Daniel Pineda,http://ufcstats.com/fighter-details/361d49960a196976
Tucker Lutz,http://ufcstats.com/fighter-details/7832f2f62f04178f
Lucas Alexander,http://ufcstats.com/fighter-details/11583163f45c7b31
Steven Peterson,http://ufcstats.com/fighter-details/b93c06d09d1c4ac0
Trevin Giles,http://ufcstats.com/fighter-details/b27a1fcb56a3035a
Preston Parsons,http://ufcstats.com/fighter-details/9fe7af8b3fbe00a0
CJ Vergara,http://ufcstats.com/fighter-details/077e3ace32b72be9
Daniel Lacerda,http://ufcstats.com/fighter-details/31bb0772f21cabd8
Victor Altamirano,http://ufcstats.com/fighter-details/dc7927cd622676a7
Vinicius Salvador,http://ufcstats.com/fighter-details/65cdf4ec31143d86
Leon Edwards,http://ufcstats.com/fighter-details/f1fac969a1d70b08
Kamaru Usman,http://ufcstats.com/fighter-details/f1b2aa7853d1ed6e
Justin Gaethje,http://ufcstats.com/fighter-details/9e8f6c728eb01124
Rafael Fiziev,http://ufcstats.com/fighter-details/c814b4c899793af6
Gunnar Nelson,http://ufcstats.com/fighter-details/fd55393021a8c255
Bryan Barberena,http://ufcstats.com/fighter-details/a331233f597090a5
Jennifer Maia,http://ufcstats.com/fighter-details/8e1f36476ef02a6a
Casey O'Neill,http://ufcstats.com/fighter-details/04835018f90b118c
Marvin Vettori,http://ufcstats.com/fighter-details/7acbb0972e75281a
Roman Dolidze,http://ufcstats.com/fighter-details/327d5f279895110d
Jack Shore,http://ufcstats.com/fighter-details/b8a85389d115e35a
Makwan Amirkhani,http://ufcstats.com/fighter-details/87a1dc546b1c5caf
Chris Duncan,http://ufcstats.com/fighter-details/fd406a32a6fb3a29
Omar Morales,http://ufcstats.com/fighter-details/a0e6753c42698f13
Yanal Ashmouz,http://ufcstats.com/fighter-details/c739c2995a275314
Sam Patterson,http://ufcstats.com/fighter-details/8b6e5dc2ba1edbe7
Muhammad Mokaev,http://ufcstats.com/fighter-details/75353550928a7921
Jafel Filho,http://ufcstats.com/fighter-details/65adf3856c4d9256
Lerone Murphy,http://ufcstats.com/fighter-details/396fe87b84ac2e1c
Gabriel Santos,http://ufcstats.com/fighter-details/f2f140ce7532e327
Christian Duncan,http://ufcstats.com/fighter-details/a93f94c923c3a9cb
Dusko Todorovic,http://ufcstats.com/fighter-details/866fd7b1a6c90e7f
Jake Hadley,http://ufcstats.com/fighter-details/60a42bf82447c919
Malcolm Gordon,http://ufcstats.com/fighter-details/dee294e9717012c2
Joanne Wood,http://ufcstats.com/fighter-details/12f91bfa8f1f723b
Luana Carolina,http://ufcstats.com/fighter-details/528b071cf3da7c56
Jai Herbert,http://ufcstats.com/fighter-details/4c88a1db5a46c6a4
Ludovit Klein,http://ufcstats.com/fighter-details/5b86d491d63890c5
Veronica Hardy,http://ufcstats.com/fighter-details/4798e823ada58fe9
Juliana Miller,http://ufcstats.com/fighter-details/aa0c573da7119292
Merab Dvalishvili,http://ufcstats.com/fighter-details/c03520b5c88ed6b4
Petr Yan,http://ufcstats.com/fighter-details/d661ce4da776fc20
Alexander Volkov,http://ufcstats.com/fighter-details/279566840aa55bf2
Alexandr Romanov,http://ufcstats.com/fighter-details/c0badf3243907e59
Nikita Krylov,http://ufcstats.com/fighter-details/1091d4d957141094
Ryan Spann,http://ufcstats.com/fighter-details/a67f5afa8d6a1b80
Jonathan Martinez,http://ufcstats.com/fighter-details/f2477cf43c4975cc
Said Nurmagomedov,http://ufcstats.com/fighter-details/0fd5f4b838e890cc
Mario Bautista,http://ufcstats.com/fighter-details/bc711b6dd95c1af6
Guido Cannetti,http://ufcstats.com/fighter-details/d05412b513b19621
Vitor Petrino,http://ufcstats.com/fighter-details/71171fc96445bf65
Anton Turkalj,http://ufcstats.com/fighter-details/82529ce93cd9a2cf
Karl Williams,http://ufcstats.com/fighter-details/d35f734c56a89103
Lukasz Brzeski,http://ufcstats.com/fighter-details/0c25d0a5e8cdbf19
Davey Grant,http://ufcstats.com/fighter-details/113df4fde64735c6
Raphael Assuncao,http://ufcstats.com/fighter-details/2f13e4020cea5b38
Josh Fremd,http://ufcstats.com/fighter-details/ca43de99b07b6b40
Sedriques Dumas,http://ufcstats.com/fighter-details/4e6738062d469256
Victor Henry,http://ufcstats.com/fighter-details/eb8d8c2a95cfccb8
Tony Gravely,http://ufcstats.com/fighter-details/601964f9654f911a
Ariane Lipski,http://ufcstats.com/fighter-details/6551c64fbcd1a467
JJ Aldrich,http://ufcstats.com/fighter-details/6fd953151d981979
Bruno Silva,http://ufcstats.com/fighter-details/294aa73dbf37d281
Tyson Nam,http://ufcstats.com/fighter-details/6e00cfffd54653c4
Carlston Harris,http://ufcstats.com/fighter-details/a53d30163304aa6e
Jared Gooden,http://ufcstats.com/fighter-details/c730a0be691dc081
Jon Jones,http://ufcstats.com/fighter-details/07f72a2a7591b409
Ciryl Gane,http://ufcstats.com/fighter-details/787bb1f087ccff8a
Alexa Grasso,http://ufcstats.com/fighter-details/e8b731feff72294b
Valentina Shevchenko,http://ufcstats.com/fighter-details/132deb59abae64b1
Shavkat Rakhmonov,http://ufcstats.com/fighter-details/01afe0916a40c7c5
Geoff Neal,http://ufcstats.com/fighter-details/b997be68943010fc
Mateusz Gamrot,http://ufcstats.com/fighter-details/72db2a14ffa73ece
Jalin Turner,http://ufcstats.com/fighter-details/4d8fa64202cee4c1
Bo Nickal,http://ufcstats.com/fighter-details/35673bf5204524ee
Jamie Pickett,http://ufcstats.com/fighter-details/830f60497fab345a
Cody Garbrandt,http://ufcstats.com/fighter-details/d8c7c61b176e3994
Trevin Jones,http://ufcstats.com/fighter-details/ec23c1be628d8057
Dricus Du Plessis,http://ufcstats.com/fighter-details/0d7b51c9d2649a6e
Derek Brunson,http://ufcstats.com/fighter-details/b1a3e0aca758b322
Amanda Ribas,http://ufcstats.com/fighter-details/beecb672a279223e
Viviane Araujo,http://ufcstats.com/fighter-details/36541f1e6c5d4955
Marc-Andre Barriault,http://ufcstats.com/fighter-details/8e9eb3fc86db0f7d
Julian Marquez,http://ufcstats.com/fighter-details/d0e1b42d41dab603
Ian Garry,http://ufcstats.com/fighter-details/442c9011034ae1fd
Song Kenan,http://ufcstats.com/fighter-details/32490e80ddab1e5a
Cameron Saaiman,http://ufcstats.com/fighter-details/3c8a5200436e19f3
Mana Martinez,http://ufcstats.com/fighter-details/c0386644627a7ee5
Tabatha Ricci,http://ufcstats.com/fighter-details/d25240135aee03e5
Jessica Penne,http://ufcstats.com/fighter-details/c742287ed86a09bc
Farid Basharat,http://ufcstats.com/fighter-details/a09ed60aa67a3f67
Da'Mon Blackshear,http://ufcstats.com/fighter-details/da22387a0407a2dc
Loik Radzhabov,http://ufcstats.com/fighter-details/8c169fbe1ac33637
Esteban Ribovics,http://ufcstats.com/fighter-details/323d4ca260dfa0ba
Brendan Allen,http://ufcstats.com/fighter-details/2f181c0467965b98
Andre Muniz,http://ufcstats.com/fighter-details/886264a0c9f4ea5e
Augusto Sakai,http://ufcstats.com/fighter-details/441eacbe20e0e80b
Don'Tale Mayes,http://ufcstats.com/fighter-details/1a9480fc288e55d7
Tatiana Suarez,http://ufcstats.com/fighter-details/b08012bbe542592a
Montana De La Rosa,http://ufcstats.com/fighter-details/80d8aed0ca9b00f3
Mike Malott,http://ufcstats.com/fighter-details/dd6103dd7127db1d
Yohan Lainesse,http://ufcstats.com/fighter-details/f998f5c102250d6e
Trevor Peek,http://ufcstats.com/fighter-details/0bc697c5936a2d0a
Erick Gonzalez,http://ufcstats.com/fighter-details/a2ccf35a88346a91
Jasmine Jasudavicius,http://ufcstats.com/fighter-details/a9e260472d321361
Gabriella Fernandes,http://ufcstats.com/fighter-details/a6eb54ae17a551be
Jordan Leavitt,http://ufcstats.com/fighter-details/ac026518a9b4dc0f
Victor Martinez,http://ufcstats.com/fighter-details/3e708ce33b6b18e6
Ode Osbourne,http://ufcstats.com/fighter-details/6d68c1afe954f121
Charles Johnson,http://ufcstats.com/fighter-details/814e5233e2acf2ee
Joe Solecki,http://ufcstats.com/fighter-details/af65aa688d13eedf
Carl Deaton,http://ufcstats.com/fighter-details/914a897455693650
Nurullo Aliev,http://ufcstats.com/fighter-details/ca28cdf526d6b6e9
Rafael Alves,http://ufcstats.com/fighter-details/029afd138865d20a
Erin Blanchfield,http://ufcstats.com/fighter-details/669970f7feba8ecd
Jessica Andrade,http://ufcstats.com/fighter-details/6a1901c62ab3870f
Zac Pauga,http://ufcstats.com/fighter-details/56f7d7ee06be4aab
Jordan Wright,http://ufcstats.com/fighter-details/c878270af633eb11
Jamal Pogues,http://ufcstats.com/fighter-details/f41b9f5efc7162d6
Josh Parisian,http://ufcstats.com/fighter-details/b5da8f7d05e85a55
Marcin Prachnio,http://ufcstats.com/fighter-details/6370c1c1e12723d5
William Knight,http://ufcstats.com/fighter-details/5da33b8fbfa5ee95
Alexander Hernandez,http://ufcstats.com/fighter-details/262a7d06203657e6
Jim Miller,http://ufcstats.com/fighter-details/d1941565abf50b16
Nazim Sadykhov,http://ufcstats.com/fighter-details/ff62013d2fce6d13
Evan Elder,http://ufcstats.com/fighter-details/d9a56ecb6e94f02e
Mayra Bueno Silva,http://ufcstats.com/fighter-details/cc8c623cca88f54f
Lina Lansberg,http://ufcstats.com/fighter-details/2eeaefbfc7f9fcff
Jamall Emmers,http://ufcstats.com/fighter-details/e00a3dee329a51f7
Khusein Askhabov,http://ufcstats.com/fighter-details/5c10da56d712ac9c
Philipe Lins,http://ufcstats.com/fighter-details/53c943c873cffe90
Ovince Saint Preux,http://ufcstats.com/fighter-details/50db8711c70196cd
AJ Fletcher,http://ufcstats.com/fighter-details/725b1abc9a39d873
Themba Gorimbo,http://ufcstats.com/fighter-details/40f3cb27fc7305a1
Clayton Carpenter,http://ufcstats.com/fighter-details/b62d5280966b2460
Juancamilo Ronderos,http://ufcstats.com/fighter-details/4a043165cf47cab2
Islam Makhachev,http://ufcstats.com/fighter-details/275aca31f61ba28c
Alexander Volkanovski,http://ufcstats.com/fighter-details/e1248941344b3288
Yair Rodriguez,http://ufcstats.com/fighter-details/cbf5e6f231b55443
Josh Emmett,http://ufcstats.com/fighter-details/fba03cd6cc28dc41
Jack Della Maddalena,http://ufcstats.com/fighter-details/6b453bc35a823c3f
Randy Brown,http://ufcstats.com/fighter-details/c6aee362c7a7d482
Justin Tafa,http://ufcstats.com/fighter-details/e13abac8089a801a
Parker Porter,http://ufcstats.com/fighter-details/ac40f7e3cbecdda4
Jimmy Crute,http://ufcstats.com/fighter-details/70e1f8a821b72c8b
Alonzo Menifield,http://ufcstats.com/fighter-details/a495f599e787614f
Modestas Bukauskas,http://ufcstats.com/fighter-details/476fe566d2df676e
Tyson Pedro,http://ufcstats.com/fighter-details/49e96ff8ab781589
Josh Culibao,http://ufcstats.com/fighter-details/6751eacd16bd59bc
Melsik Baghdasaryan,http://ufcstats.com/fighter-details/a52bc1e62cf0b7c6
Kleydson Rodrigues,http://ufcstats.com/fighter-details/102a8fdf8cbf7467
Shannon Ross,http://ufcstats.com/fighter-details/51c655162e462ceb
Jamie Mullarkey,http://ufcstats.com/fighter-details/af9f42e6894047fc
Francisco Prado,http://ufcstats.com/fighter-details/3920d0cc288f9b0d
Jack Jenkins,http://ufcstats.com/fighter-details/a9da3158dd2c2b5a
Don Shainis,http://ufcstats.com/fighter-details/da4628f173337902
Loma Lookboonmee,http://ufcstats.com/fighter-details/4e30e4250cb08b61
Elise Reed,http://ufcstats.com/fighter-details/ac7c765882f2c68c
Blake Bilder,http://ufcstats.com/fighter-details/5095b0920a3602aa
Shane Young,http://ufcstats.com/fighter-details/4cd8b03aee1d0138
Elves Brener,http://ufcstats.com/fighter-details/48a9a128784d53d1
Zubaira Tukhugov,http://ufcstats.com/fighter-details/aceffa19749c4dc0
Serghei Spivac,http://ufcstats.com/fighter-details/e2f6b2769aaedd6c
Derrick Lewis,http://ufcstats.com/fighter-details/d3df1add9d9a7efb
Devin Clark,http://ufcstats.com/fighter-details/cc7040fe76f0ef91
Da Woon Jung,http://ufcstats.com/fighter-details/74f9448b97bf8bec
Marcin Tybura,http://ufcstats.com/fighter-details/c9cf753cfdf77fc2
Blagoy Ivanov,http://ufcstats.com/fighter-details/1788eee370f077b7
Dooho Choi,http://ufcstats.com/fighter-details/e93b04e308913c2e
Kyle Nelson,http://ufcstats.com/fighter-details/31f8081c7600da93
Adam Fugitt,http://ufcstats.com/fighter-details/a01a62132460a98d
Yusaku Kinoshita,http://ufcstats.com/fighter-details/21b5c82c1b89dab1
Anshul Jubli,http://ufcstats.com/fighter-details/a72a2a769fa5a2be
Jeka Saragih,http://ufcstats.com/fighter-details/57186c150c645200
JeongYeong Lee,http://ufcstats.com/fighter-details/d008d785f6347dc2
Yi Zha,http://ufcstats.com/fighter-details/3f11fd1751fa83b1
Rinya Nakamura,http://ufcstats.com/fighter-details/d8c811df0386d5e8
Toshiomi Kazama,http://ufcstats.com/fighter-details/148bb103cfbf123e
HyunSung Park,http://ufcstats.com/fighter-details/b671bdf981ad527d
SeungGuk Choi,http://ufcstats.com/fighter-details/adccbc19b22e19af
JunYong Park,http://ufcstats.com/fighter-details/285ae0b4a68221f4
Denis Tiuliulin,http://ufcstats.com/fighter-details/0112352cb32f5026
Tatsuro Taira,http://ufcstats.com/fighter-details/4461d7e47375a895
Jesus Aguilar,http://ufcstats.com/fighter-details/c051c2e12d692b8a
Jamahal Hill,http://ufcstats.com/fighter-details/5444c5a201d3ee5a
Glover Teixeira,http://ufcstats.com/fighter-details/7ff97850e8c32bda
Brandon Moreno,http://ufcstats.com/fighter-details/792be9a24df82ed6
Deiveson Figueiredo,http://ufcstats.com/fighter-details/aa72b0f831d0bfe5
Gilbert Burns,http://ufcstats.com/fighter-details/23024fdfc966410a
Neil Magny,http://ufcstats.com/fighter-details/84b3e7d38f2d2ec5
Jessica Andrade,http://ufcstats.com/fighter-details/6a1901c62ab3870f
Lauren Murphy,http://ufcstats.com/fighter-details/729d4bd5a6cd0a97
Johnny Walker,http://ufcstats.com/fighter-details/c21f26bbde777573
Paul Craig,http://ufcstats.com/fighter-details/eabf206b162b3b83
Ihor Potieria,http://ufcstats.com/fighter-details/260bd4cef10b033f
Mauricio Rua,http://ufcstats.com/fighter-details/140745cbbcb023ac
Brunno Ferreira,http://ufcstats.com/fighter-details/1e719d4b676dc19a
Gregory Rodrigues,http://ufcstats.com/fighter-details/d1c65d2cf2925ddd
Thiago Moises,http://ufcstats.com/fighter-details/d945aae53e3e54e6
Melquizael Costa,http://ufcstats.com/fighter-details/20bccc9bb4ceb23e
Gabriel Bonfim,http://ufcstats.com/fighter-details/01641ba5df0c69b0
Mounir Lazzez,http://ufcstats.com/fighter-details/49ee5024966efc0d
Jailton Almeida,http://ufcstats.com/fighter-details/41e83a89929d1327
Shamil Abdurakhimov,http://ufcstats.com/fighter-details/2f5cbecbbe18bac4
Cody Stamann,http://ufcstats.com/fighter-details/bf7ad5628363eec9
Luan Lacerda,http://ufcstats.com/fighter-details/6fc506e1099afe20
Ismael Bonfim,http://ufcstats.com/fighter-details/eb393afdbe3293d5
Terrance McKinney,http://ufcstats.com/fighter-details/809bd1a871491508
Nicolas Dalby,http://ufcstats.com/fighter-details/9d19d9e4aa2662e8
Warlley Alves,http://ufcstats.com/fighter-details/d317a5e2b3f88c5f
Josiane Nunes,http://ufcstats.com/fighter-details/68d35296f566792b
Zarah Fairn,http://ufcstats.com/fighter-details/862b0b3375aa4b6e
Daniel Marcos,http://ufcstats.com/fighter-details/850266b3dc4e506e
Saimon Oliveira,http://ufcstats.com/fighter-details/72ea1984c52019b5
Sean Strickland,http://ufcstats.com/fighter-details/0d8011111be000b2
Nassourdine Imavov,http://ufcstats.com/fighter-details/881bf86d4cba8578
Dan Ige,http://ufcstats.com/fighter-details/82a5152216251682
Damon Jackson,http://ufcstats.com/fighter-details/29af297d9f1de0f8
Roman Kopylov,http://ufcstats.com/fighter-details/9d83f6da776ff7d6
Punahele Soriano,http://ufcstats.com/fighter-details/64facb6cc564262d
Raquel Pennington,http://ufcstats.com/fighter-details/fc169c387b4b465d
Ketlen Vieira,http://ufcstats.com/fighter-details/b9706f80d005036c
Umar Nurmagomedov,http://ufcstats.com/fighter-details/2b6fc1c02736833d
Raoni Barcelos,http://ufcstats.com/fighter-details/b9f28e7045fdfce7
Javid Basharat,http://ufcstats.com/fighter-details/bbab3baf66128ae2
Mateus Mendonca,http://ufcstats.com/fighter-details/48812daf291a4e23
Abdul Razak Alhassan,http://ufcstats.com/fighter-details/eae431e70064e046
Claudio Ribeiro,http://ufcstats.com/fighter-details/972c456ff38b2015
Mateusz Rebecki,http://ufcstats.com/fighter-details/849c5d9979df5357
Nick Fiore,http://ufcstats.com/fighter-details/036e96c1c12b8a59
Allan Nascimento,http://ufcstats.com/fighter-details/253076a23d03dcd0
Carlos Hernandez,http://ufcstats.com/fighter-details/798e48f9e7f6ba22
Dan Argueta,http://ufcstats.com/fighter-details/e4ba58725825412d
Nick Aguirre,http://ufcstats.com/fighter-details/0978385b2bd9ef9b
Charles Johnson,http://ufcstats.com/fighter-details/814e5233e2acf2ee
Jimmy Flick,http://ufcstats.com/fighter-details/09e62c450e754913
Jared Cannonier,http://ufcstats.com/fighter-details/13a0275fa13c4d26
Sean Strickland,http://ufcstats.com/fighter-details/0d8011111be000b2
Arman Tsarukyan,http://ufcstats.com/fighter-details/eae48ff31db420c2
Damir Ismagulov,http://ufcstats.com/fighter-details/135d124172a0bea3
Amir Albazi,http://ufcstats.com/fighter-details/6d35bf94f7d30241
Alessandro Costa,http://ufcstats.com/fighter-details/3fa97913cfd205d3
Alex Caceres,http://ufcstats.com/fighter-details/7aa3d6964eff4877
Julian Erosa,http://ufcstats.com/fighter-details/902ec2cc48c8ae8a
Drew Dober,http://ufcstats.com/fighter-details/519e4fe37ce9ff75
Bobby Green,http://ufcstats.com/fighter-details/887961364be5ceb3
Michal Oleksiejczuk,http://ufcstats.com/fighter-details/0d65c432720accb9
Cody Brundage,http://ufcstats.com/fighter-details/f14f644d41ade29f
Cory McKenna,http://ufcstats.com/fighter-details/3351aa64aa83c4d9
Cheyanne Vlismas,http://ufcstats.com/fighter-details/4959f10a62f3fec3
Matthew Semelsberger,http://ufcstats.com/fighter-details/4aa58269d0664b5b
Jake Matthews,http://ufcstats.com/fighter-details/a845f0735bc67405
Said Nurmagomedov,http://ufcstats.com/fighter-details/0fd5f4b838e890cc
Saidyokub Kakhramonov,http://ufcstats.com/fighter-details/50a28b9f8314e008
Rafa Garcia,http://ufcstats.com/fighter-details/e132d47bd9efbbe0
Maheshate,http://ufcstats.com/fighter-details/8c1ca54b5089d199
Rinat Fakhretdinov,http://ufcstats.com/fighter-details/8f765fd5775a8873
Bryan Battle,http://ufcstats.com/fighter-details/f626118b6da0e020
Manel Kape,http://ufcstats.com/fighter-details/5d1b7e3dd9e11074
David Dvorak,http://ufcstats.com/fighter-details/9ada30894bf04e19
Sergey Morozov,http://ufcstats.com/fighter-details/2f6a993c7f547c13
Journey Newson,http://ufcstats.com/fighter-details/78f485f851891d68
Jan Blachowicz,http://ufcstats.com/fighter-details/99df7d0a2a08a8a8
Magomed Ankalaev,http://ufcstats.com/fighter-details/d802174b0c0c1f4e
Paddy Pimblett,http://ufcstats.com/fighter-details/7826923b47f8d72a
Jared Gordon,http://ufcstats.com/fighter-details/7026eca45f65377b
Santiago Ponzinibbio,http://ufcstats.com/fighter-details/6d1bffff14897645
Alex Morono,http://ufcstats.com/fighter-details/cdb96af67d096b1e
Dricus Du Plessis,http://ufcstats.com/fighter-details/0d7b51c9d2649a6e
Darren Till,http://ufcstats.com/fighter-details/9ce6d5a03af801b7
Ilia Topuria,http://ufcstats.com/fighter-details/54f64b5e283b0ce7
Bryce Mitchell,http://ufcstats.com/fighter-details/d9c6f19f958643e9
Raul Rosas Jr.,http://ufcstats.com/fighter-details/fe2babf95de24fb1
Jay Perrin,http://ufcstats.com/fighter-details/01fed6f61ebea01f
Jairzinho Rozenstruik,http://ufcstats.com/fighter-details/2cd428e9606856fd
Chris Daukaus,http://ufcstats.com/fighter-details/d0aaedcf7ccd0b45
Edmen Shahbazyan,http://ufcstats.com/fighter-details/4144798612ef96e5
Dalcha Lungiambula,http://ufcstats.com/fighter-details/ce632027bf2a871b
Chris Curtis,http://ufcstats.com/fighter-details/5442f1bc4b47eaf3
Joaquin Buckley,http://ufcstats.com/fighter-details/b9437600497350f3
Billy Quarantillo,http://ufcstats.com/fighter-details/aa171d55d4b5208f
Alexander Hernandez,http://ufcstats.com/fighter-details/262a7d06203657e6
TJ Brown,http://ufcstats.com/fighter-details/d31cbcdd7d69536d
Erik Silva,http://ufcstats.com/fighter-details/21b813b919776d90
Cameron Saaiman,http://ufcstats.com/fighter-details/3c8a5200436e19f3
Steven Koslow,http://ufcstats.com/fighter-details/84512339473dd300
Stephen Thompson,http://ufcstats.com/fighter-details/4a28cb716c19157a
Kevin Holland,http://ufcstats.com/fighter-details/3a46b268013afede
Rafael Dos Anjos,http://ufcstats.com/fighter-details/6a2f7c151031653d
Bryan Barberena,http://ufcstats.com/fighter-details/a331233f597090a5
Matheus Nicolau,http://ufcstats.com/fighter-details/1a31ef98efce7a79
Matt Schnell,http://ufcstats.com/fighter-details/67c1d46f4ed16f9e
Sergei Pavlovich,http://ufcstats.com/fighter-details/f14cf73e51b29254
Tai Tuivasa,http://ufcstats.com/fighter-details/c62fbc117d57b943
Roman Dolidze,http://ufcstats.com/fighter-details/327d5f279895110d
Jack Hermansson,http://ufcstats.com/fighter-details/0a1942069c9ad6b6
Eryk Anders,http://ufcstats.com/fighter-details/cad24459b28592ca
Kyle Daukaus,http://ufcstats.com/fighter-details/d6c0cdd7e467c440
Phil Rowe,http://ufcstats.com/fighter-details/8e382b585a92affe
Niko Price,http://ufcstats.com/fighter-details/d8da10db80131bec
Angela Hill,http://ufcstats.com/fighter-details/f0feeb2192937424
Emily Ducote,http://ufcstats.com/fighter-details/02f8fedc18cbd26c
Clay Guida,http://ufcstats.com/fighter-details/c47df9303d318c67
Scott Holtzman,http://ufcstats.com/fighter-details/df1eb4354d18a906
Michael Johnson,http://ufcstats.com/fighter-details/511e82663651438d
Marc Diakiese,http://ufcstats.com/fighter-details/32c355b04fc57f3a
Jonathan Pearce,http://ufcstats.com/fighter-details/87c0b1c696ddfb43
Darren Elkins,http://ufcstats.com/fighter-details/92a9aa9c93192871
Natan Levy,http://ufcstats.com/fighter-details/a29db9cd4f9ccea5
Genaro Valdez,http://ufcstats.com/fighter-details/cda1099995b46cc2
Francis Marshall,http://ufcstats.com/fighter-details/5d495dec23d7c68e
Marcelo Rojo,http://ufcstats.com/fighter-details/2804ce8dadab5770
Yazmin Jauregui,http://ufcstats.com/fighter-details/40cb680ae1cd331f
Istela Nunes,http://ufcstats.com/fighter-details/efc67b07eed39794
Kennedy Nzechukwu,http://ufcstats.com/fighter-details/8667caa0451d245b
Ion Cutelaba,http://ufcstats.com/fighter-details/cd13728ae1151f46
Waldo Cortes-Acosta,http://ufcstats.com/fighter-details/fc08099550072fe4
Chase Sherman,http://ufcstats.com/fighter-details/01b352b6a9074d5c
Muslim Salikhov,http://ufcstats.com/fighter-details/447f9858ae78f921
Andre Fialho,http://ufcstats.com/fighter-details/33efaf2d0941cfcf
Jack Della Maddalena,http://ufcstats.com/fighter-details/6b453bc35a823c3f
Danny Roberts,http://ufcstats.com/fighter-details/a6cba6bb66c1a8c9
Charles Johnson,http://ufcstats.com/fighter-details/814e5233e2acf2ee
Zhalgas Zhumagulov,http://ufcstats.com/fighter-details/55fa6ce3e522c8bb
Jennifer Maia,http://ufcstats.com/fighter-details/8e1f36476ef02a6a
Maryna Moroz,http://ufcstats.com/fighter-details/b4192a975027aab6
Miles Johns,http://ufcstats.com/fighter-details/46e0d677f91bacc0
Vince Morales,http://ufcstats.com/fighter-details/37098a6e6c27fb66
Ricky Turcios,http://ufcstats.com/fighter-details/cd3d7e37ff2d679c
Kevin Natividad,http://ufcstats.com/fighter-details/0c258d1d8e16e5f1
Vanessa Demopoulos,http://ufcstats.com/fighter-details/2c483cf443f38ece
Maria Oliveira,http://ufcstats.com/fighter-details/37d752ec41ed84bb
Brady Hiestand,http://ufcstats.com/fighter-details/7af33fc4435017f1
Fernie Garcia,http://ufcstats.com/fighter-details/9e92e1ca498d7244
Natalia Silva,http://ufcstats.com/fighter-details/262d32ebda89efc4
Tereza Bleda,http://ufcstats.com/fighter-details/59c438c81fbf3ece
Alex Pereira,http://ufcstats.com/fighter-details/e5549c82bfb5582d
Israel Adesanya,http://ufcstats.com/fighter-details/1338e2c7480bdf9e
Zhang Weili,http://ufcstats.com/fighter-details/1ebe20ebbfa15e29
Carla Esparza,http://ufcstats.com/fighter-details/d910665038efc639
Dustin Poirier,http://ufcstats.com/fighter-details/029eaff01e6bb8f0
Michael Chandler,http://ufcstats.com/fighter-details/4b93a88f3b1de35b
Chris Gutierrez,http://ufcstats.com/fighter-details/45f0cc9d18f35137
Frankie Edgar,http://ufcstats.com/fighter-details/f2688492b9a525a3
Dan Hooker,http://ufcstats.com/fighter-details/193b9d1858bc4df3
Claudio Puelles,http://ufcstats.com/fighter-details/d747eb273a40a920
Renato Moicano,http://ufcstats.com/fighter-details/b6452706b373eea1
Brad Riddell,http://ufcstats.com/fighter-details/37ed1ab2f8b819f4
Ryan Spann,http://ufcstats.com/fighter-details/a67f5afa8d6a1b80
Dominick Reyes,http://ufcstats.com/fighter-details/2e19380f34871c6a
Erin Blanchfield,http://ufcstats.com/fighter-details/669970f7feba8ecd
Molly McCann,http://ufcstats.com/fighter-details/51018a31ddf31eb2
Andre Petroski,http://ufcstats.com/fighter-details/5f61780fe5e9b6d0
Wellington Turman,http://ufcstats.com/fighter-details/4dcfb28c011c11b2
Matt Frevola,http://ufcstats.com/fighter-details/dccb63727f2f5f74
Ottman Azaitar,http://ufcstats.com/fighter-details/ee18ff42063174df
Karolina Kowalkiewicz,http://ufcstats.com/fighter-details/d7c3816669784109
Silvana Gomez Juarez,http://ufcstats.com/fighter-details/b4880ef2f838d4e1
Michael Trizano,http://ufcstats.com/fighter-details/5bf31a46becc1204
SeungWoo Choi,http://ufcstats.com/fighter-details/a68575214ecad140
Montel Jackson,http://ufcstats.com/fighter-details/cc1a8b4b38b92c6d
Julio Arce,http://ufcstats.com/fighter-details/1291edf2d566a71a
Carlos Ulberg,http://ufcstats.com/fighter-details/9014c02eff8b3d62
Nicolae Negumereanu,http://ufcstats.com/fighter-details/8c57c7b8c3bab0eb
Amanda Lemos,http://ufcstats.com/fighter-details/3df5493bb279226f
Marina Rodriguez,http://ufcstats.com/fighter-details/cd2c4d30c6e13b47
Neil Magny,http://ufcstats.com/fighter-details/84b3e7d38f2d2ec5
Daniel Rodriguez,http://ufcstats.com/fighter-details/8a1f3b5c526cd6e6
Shayilan Nuerdanbieke,http://ufcstats.com/fighter-details/0a73acff6325c1e2
Darrick Minner,http://ufcstats.com/fighter-details/34e516ab361afb1c
Tagir Ulanbekov,http://ufcstats.com/fighter-details/f00ac08ab056af5d
Nate Maness,http://ufcstats.com/fighter-details/6e9f40c706f91f32
Grant Dawson,http://ufcstats.com/fighter-details/99bd51917728c25d
Mark Madsen,http://ufcstats.com/fighter-details/da0995f19b749cfa
Miranda Maverick,http://ufcstats.com/fighter-details/f29a6350c69f4a33
Shanna Young,http://ufcstats.com/fighter-details/568bbad0eaced57c
Mario Bautista,http://ufcstats.com/fighter-details/bc711b6dd95c1af6
Benito Lopez,http://ufcstats.com/fighter-details/773f7feacf96153e
Polyana Viana,http://ufcstats.com/fighter-details/9673a497a9da119a
Jinh Yu Frey,http://ufcstats.com/fighter-details/d05cb1e8d1b885d8
Johnny Munoz,http://ufcstats.com/fighter-details/f6bcbd91b114ff58
Liudvik Sholinian,http://ufcstats.com/fighter-details/1a54231796e24a3f
Jake Hadley,http://ufcstats.com/fighter-details/60a42bf82447c919
Carlos Candelario,http://ufcstats.com/fighter-details/760a55d5b6098cbe
Tamires Vidal,http://ufcstats.com/fighter-details/4f3064faf17aa711
Ramona Pascual,http://ufcstats.com/fighter-details/3eb4dc9a7d4ac906
Arnold Allen,http://ufcstats.com/fighter-details/040a74bb0a465c54
Calvin Kattar,http://ufcstats.com/fighter-details/751de04455cfaac0
Max Griffin,http://ufcstats.com/fighter-details/b0d6a1d8ac3d563d
Tim Means,http://ufcstats.com/fighter-details/4b47e71384a9522f
Waldo Cortes-Acosta,http://ufcstats.com/fighter-details/fc08099550072fe4
Jared Vanderaa,http://ufcstats.com/fighter-details/2b68d9f125d07b42
Tresean Gore,http://ufcstats.com/fighter-details/147e70aa6cc48cfc
Josh Fremd,http://ufcstats.com/fighter-details/ca43de99b07b6b40
Khalil Rountree Jr.,http://ufcstats.com/fighter-details/749f572d1d3161fb
Dustin Jacoby,http://ufcstats.com/fighter-details/e4277e87a789d687
Roman Dolidze,http://ufcstats.com/fighter-details/327d5f279895110d
Phil Hawes,http://ufcstats.com/fighter-details/547afe1017e72dbe
Marcos Rogerio de Lima,http://ufcstats.com/fighter-details/ab943cd2c3c17825
Andrei Arlovski,http://ufcstats.com/fighter-details/3738e68d2261e60f
JunYong Park,http://ufcstats.com/fighter-details/285ae0b4a68221f4
Joseph Holmes,http://ufcstats.com/fighter-details/8d20d76af3f213ce
Steve Garcia,http://ufcstats.com/fighter-details/97cf1a2c7c5e7889
Chase Hooper,http://ufcstats.com/fighter-details/971246648e162f0d
Cody Durden,http://ufcstats.com/fighter-details/7f6ed67d3ed3c036
Carlos Mota,http://ufcstats.com/fighter-details/b15862fcd6ded451
Christian Rodriguez,http://ufcstats.com/fighter-details/5ec591b78349ba7e
Joshua Weems,http://ufcstats.com/fighter-details/69888118d968ba52
Islam Makhachev,http://ufcstats.com/fighter-details/275aca31f61ba28c
Charles Oliveira,http://ufcstats.com/fighter-details/07225ba28ae309b6
Aljamain Sterling,http://ufcstats.com/fighter-details/cb696ebfb6598724
TJ Dillashaw,http://ufcstats.com/fighter-details/c849740a3ff51931
Sean O'Malley,http://ufcstats.com/fighter-details/b50a426a33da0012
Petr Yan,http://ufcstats.com/fighter-details/d661ce4da776fc20
Beneil Dariush,http://ufcstats.com/fighter-details/08af939f41b5a57b
Mateusz Gamrot,http://ufcstats.com/fighter-details/72db2a14ffa73ece
Manon Fiorot,http://ufcstats.com/fighter-details/34ff304266360297
Katlyn Chookagian,http://ufcstats.com/fighter-details/e872e9a9a902c045
Belal Muhammad,http://ufcstats.com/fighter-details/b1b0729d27936f2f
Sean Brady,http://ufcstats.com/fighter-details/45f7cb591c3ab00b
Caio Borralho,http://ufcstats.com/fighter-details/4126a78111c0855a
Makhmud Muradov,http://ufcstats.com/fighter-details/ea7e5bc78d9de658
Nikita Krylov,http://ufcstats.com/fighter-details/1091d4d957141094
Volkan Oezdemir,http://ufcstats.com/fighter-details/0845c81e37d3bcb3
Abubakar Nurmagomedov,http://ufcstats.com/fighter-details/029e1293e609fd74
Gadzhi Omargadzhiev,http://ufcstats.com/fighter-details/684d3aee255a3d09
Armen Petrosyan,http://ufcstats.com/fighter-details/369ea36e450ae62a
AJ Dobson,http://ufcstats.com/fighter-details/009c4420727149ea
Muhammad Mokaev,http://ufcstats.com/fighter-details/75353550928a7921
Malcolm Gordon,http://ufcstats.com/fighter-details/dee294e9717012c2
Karol Rosa,http://ufcstats.com/fighter-details/351c4ec637380ad5
Lina Lansberg,http://ufcstats.com/fighter-details/2eeaefbfc7f9fcff
Alexa Grasso,http://ufcstats.com/fighter-details/e8b731feff72294b
Viviane Araujo,http://ufcstats.com/fighter-details/36541f1e6c5d4955
Jonathan Martinez,http://ufcstats.com/fighter-details/f2477cf43c4975cc
Cub Swanson,http://ufcstats.com/fighter-details/d247691a6c0e9034
Dusko Todorovic,http://ufcstats.com/fighter-details/866fd7b1a6c90e7f
Jordan Wright,http://ufcstats.com/fighter-details/c878270af633eb11
Raphael Assuncao,http://ufcstats.com/fighter-details/2f13e4020cea5b38
Victor Henry,http://ufcstats.com/fighter-details/eb8d8c2a95cfccb8
Alonzo Menifield,http://ufcstats.com/fighter-details/a495f599e787614f
Misha Cirkunov,http://ufcstats.com/fighter-details/67f272324a030d00
Mana Martinez,http://ufcstats.com/fighter-details/c0386644627a7ee5
Brandon Davis,http://ufcstats.com/fighter-details/cc351e408bbb7d43
Jacob Malkoun,http://ufcstats.com/fighter-details/d4270315cbcf2569
Nick Maximov,http://ufcstats.com/fighter-details/12585614e0ed2626
Joanderson Brito,http://ufcstats.com/fighter-details/791c8437b341fba5
Lucas Alexander,http://ufcstats.com/fighter-details/11583163f45c7b31
Piera Rodriguez,http://ufcstats.com/fighter-details/e375cb5caf4717b6
Sam Hughes,http://ufcstats.com/fighter-details/e94085e821bd81de
Tatsuro Taira,http://ufcstats.com/fighter-details/4461d7e47375a895
CJ Vergara,http://ufcstats.com/fighter-details/077e3ace32b72be9
Pete Rodriguez,http://ufcstats.com/fighter-details/776d4262c4da38bf
Mike Jackson,http://ufcstats.com/fighter-details/0641c21bec209472
Yan Xiaonan,http://ufcstats.com/fighter-details/c41d426cc7326d1b
Mackenzie Dern,http://ufcstats.com/fighter-details/7447e9f28508106a
Randy Brown,http://ufcstats.com/fighter-details/c6aee362c7a7d482
Francisco Trinaldo,http://ufcstats.com/fighter-details/a8283a4f415e1eb9
Raoni Barcelos,http://ufcstats.com/fighter-details/b9f28e7045fdfce7
Trevin Jones,http://ufcstats.com/fighter-details/ec23c1be628d8057
Sodiq Yusuff,http://ufcstats.com/fighter-details/94426bb170c88115
Don Shainis,http://ufcstats.com/fighter-details/da4628f173337902
Mike Davis,http://ufcstats.com/fighter-details/fb3e61720be4690c
Viacheslav Borshchev,http://ufcstats.com/fighter-details/19c591115a58982c
Daniel Santos,http://ufcstats.com/fighter-details/b67d6bacc68d4c92
John Castaneda,http://ufcstats.com/fighter-details/5fa2974cbd18e05c
Ilir Latifi,http://ufcstats.com/fighter-details/e9a3aeb207578eea
Aleksei Oleinik,http://ufcstats.com/fighter-details/98c23cb6da5b3352
Joaquim Silva,http://ufcstats.com/fighter-details/ae7fe94f117f98cf
Jesse Ronson,http://ufcstats.com/fighter-details/5580771f383e141f
Brendan Allen,http://ufcstats.com/fighter-details/2f181c0467965b98
Krzysztof Jotko,http://ufcstats.com/fighter-details/4e06913c91da5200
Chelsea Chandler,http://ufcstats.com/fighter-details/af9efbfd63d39734
Julija Stoliarenko,http://ufcstats.com/fighter-details/a78a87d8c2bbb1cb
Guido Cannetti,http://ufcstats.com/fighter-details/d05412b513b19621
Randy Costa,http://ufcstats.com/fighter-details/325ad0dd9126d3df
Cory Sandhagen,http://ufcstats.com/fighter-details/65f09bacd3957381
Song Yadong,http://ufcstats.com/fighter-details/efb96bf3e9ada36f
Gregory Rodrigues,http://ufcstats.com/fighter-details/d1c65d2cf2925ddd
Chidi Njokuani,http://ufcstats.com/fighter-details/c68c68efaa5ca6ef
Andre Fili,http://ufcstats.com/fighter-details/8fd808923cffff82
Bill Algeo,http://ufcstats.com/fighter-details/9abc648e76c4493a
Joe Pyfer,http://ufcstats.com/fighter-details/c1085e1701b13eca
Alen Amedovski,http://ufcstats.com/fighter-details/70fa1c64a2c439ef
Rodrigo Nascimento,http://ufcstats.com/fighter-details/d31a5546c0e9b213
Tanner Boser,http://ufcstats.com/fighter-details/04c8b08b16a5b99e
Anthony Hernandez,http://ufcstats.com/fighter-details/093e1f5bb73850be
Marc-Andre Barriault,http://ufcstats.com/fighter-details/8e9eb3fc86db0f7d
Damon Jackson,http://ufcstats.com/fighter-details/29af297d9f1de0f8
Pat Sabatini,http://ufcstats.com/fighter-details/b8bbdeff718dbb7d
Trevin Giles,http://ufcstats.com/fighter-details/b27a1fcb56a3035a
Louis Cosce,http://ufcstats.com/fighter-details/afe8d5b39ff7fca2
Loma Lookboonmee,http://ufcstats.com/fighter-details/4e30e4250cb08b61
Denise Gomes,http://ufcstats.com/fighter-details/cffb87059e645bd1
Trey Ogden,http://ufcstats.com/fighter-details/cfc3e7bb44685289
Daniel Zellhuber,http://ufcstats.com/fighter-details/4148802ae4a50768
Gillian Robertson,http://ufcstats.com/fighter-details/38c7f72747f4f712
Mariya Agapova,http://ufcstats.com/fighter-details/a08ddd04eaffd81d
Javid Basharat,http://ufcstats.com/fighter-details/bbab3baf66128ae2
Tony Gravely,http://ufcstats.com/fighter-details/601964f9654f911a
Nikolas Motta,http://ufcstats.com/fighter-details/37f560436d745c18
Cameron VanCamp,http://ufcstats.com/fighter-details/87e2468b986ebb79
Nate Diaz,http://ufcstats.com/fighter-details/8355922d564b152c
Tony Ferguson,http://ufcstats.com/fighter-details/22a92d7f62195791
Khamzat Chimaev,http://ufcstats.com/fighter-details/767755fd74662dbf
Kevin Holland,http://ufcstats.com/fighter-details/3a46b268013afede
Daniel Rodriguez,http://ufcstats.com/fighter-details/8a1f3b5c526cd6e6
Li Jingliang,http://ufcstats.com/fighter-details/e64b96c07d7ce999
Irene Aldana,http://ufcstats.com/fighter-details/578ef12674df1e6a
Macy Chiasson,http://ufcstats.com/fighter-details/9cdd2da1a9104a0b
Johnny Walker,http://ufcstats.com/fighter-details/c21f26bbde777573
Ion Cutelaba,http://ufcstats.com/fighter-details/cd13728ae1151f46
Julian Erosa,http://ufcstats.com/fighter-details/902ec2cc48c8ae8a
Hakeem Dawodu,http://ufcstats.com/fighter-details/2c9d00968f818270
Jailton Almeida,http://ufcstats.com/fighter-details/41e83a89929d1327
Anton Turkalj,http://ufcstats.com/fighter-details/82529ce93cd9a2cf
Denis Tiuliulin,http://ufcstats.com/fighter-details/0112352cb32f5026
Jamie Pickett,http://ufcstats.com/fighter-details/830f60497fab345a
Chris Barnett,http://ufcstats.com/fighter-details/7a5e8c94a86f9895
Jake Collier,http://ufcstats.com/fighter-details/92fa1401b7927da3
Norma Dumont,http://ufcstats.com/fighter-details/d3f5d33d61cd00c9
Danyelle Wolf,http://ufcstats.com/fighter-details/a7e3f02fe2b2fe30
Alatengheili,http://ufcstats.com/fighter-details/1897b7b913736a7c
Chad Anheliger,http://ufcstats.com/fighter-details/c7c39e2fb70248b3
Elise Reed,http://ufcstats.com/fighter-details/ac7c765882f2c68c
Melissa Martinez,http://ufcstats.com/fighter-details/3f4c3bc822bea45d
Yohan Lainesse,http://ufcstats.com/fighter-details/f998f5c102250d6e
Darian Weeks,http://ufcstats.com/fighter-details/326a001926ffb7ec
Ciryl Gane,http://ufcstats.com/fighter-details/787bb1f087ccff8a
Tai Tuivasa,http://ufcstats.com/fighter-details/c62fbc117d57b943
Robert Whittaker,http://ufcstats.com/fighter-details/e1147d3d2dabe1ce
Marvin Vettori,http://ufcstats.com/fighter-details/7acbb0972e75281a
Nassourdine Imavov,http://ufcstats.com/fighter-details/881bf86d4cba8578
Joaquin Buckley,http://ufcstats.com/fighter-details/b9437600497350f3
Roman Kopylov,http://ufcstats.com/fighter-details/9d83f6da776ff7d6
Alessio Di Chirico,http://ufcstats.com/fighter-details/77d7295d1b22c694
William Gomis,http://ufcstats.com/fighter-details/e1d40e8782d80bc2
Jarno Errens,http://ufcstats.com/fighter-details/082eba4cd80f736f
Nathaniel Wood,http://ufcstats.com/fighter-details/329e403448756217
Charles Jourdain,http://ufcstats.com/fighter-details/f1d64ae34e088832
Abus Magomedov,http://ufcstats.com/fighter-details/36b8f265bcd1b7a4
Dustin Stoltzfus,http://ufcstats.com/fighter-details/71505842fb6455c3
Nasrat Haqparast,http://ufcstats.com/fighter-details/b7b84ccd221be298
John Makdessi,http://ufcstats.com/fighter-details/c21a036b4e012f1c
Fares Ziam,http://ufcstats.com/fighter-details/1e4f273069fb9e85
Michal Figlak,http://ufcstats.com/fighter-details/b4c57a8c2b773e82
Benoit Saint Denis,http://ufcstats.com/fighter-details/c2299ec916bc7c56
Gabriel Miranda,http://ufcstats.com/fighter-details/b909a9a9688b5284
Cristian Quinonez,http://ufcstats.com/fighter-details/7debc13b36343605
Khalid Taha,http://ufcstats.com/fighter-details/b4537562f88ac582
Stephanie Egger,http://ufcstats.com/fighter-details/5e6294b37bbef029
Ailin Perez,http://ufcstats.com/fighter-details/06e4245d16fc5315
Leon Edwards,http://ufcstats.com/fighter-details/f1fac969a1d70b08
Kamaru Usman,http://ufcstats.com/fighter-details/f1b2aa7853d1ed6e
Paulo Costa,http://ufcstats.com/fighter-details/2e5c2aa8e4ab9d82
Luke Rockhold,http://ufcstats.com/fighter-details/00e11b5c8b7bfeeb
Merab Dvalishvili,http://ufcstats.com/fighter-details/c03520b5c88ed6b4
Jose Aldo,http://ufcstats.com/fighter-details/d0f3959b4a9747e6
Lucie Pudilova,http://ufcstats.com/fighter-details/3cf66c62d9069f43
Wu Yanan,http://ufcstats.com/fighter-details/fdbefee0827e1567
Tyson Pedro,http://ufcstats.com/fighter-details/49e96ff8ab781589
Harry Hunsucker,http://ufcstats.com/fighter-details/f703250471acaf96
Marcin Tybura,http://ufcstats.com/fighter-details/c9cf753cfdf77fc2
Alexandr Romanov,http://ufcstats.com/fighter-details/c0badf3243907e59
Jared Gordon,http://ufcstats.com/fighter-details/7026eca45f65377b
Leonardo Santos,http://ufcstats.com/fighter-details/9c65736747ca92ec
Sean Woodson,http://ufcstats.com/fighter-details/4682bc59d5f55145
Luis Saldana,http://ufcstats.com/fighter-details/12e0fdc606f7e274
Ange Loosa,http://ufcstats.com/fighter-details/1497e735d9f2560a
AJ Fletcher,http://ufcstats.com/fighter-details/725b1abc9a39d873
Amir Albazi,http://ufcstats.com/fighter-details/6d35bf94f7d30241
Francisco Figueiredo,http://ufcstats.com/fighter-details/cdadae5363b66eef
Aoriqileng,http://ufcstats.com/fighter-details/7d420039bbfe7c1a
Jay Perrin,http://ufcstats.com/fighter-details/01fed6f61ebea01f
Victor Altamirano,http://ufcstats.com/fighter-details/dc7927cd622676a7
Daniel Lacerda,http://ufcstats.com/fighter-details/31bb0772f21cabd8
Marlon Vera,http://ufcstats.com/fighter-details/7c7332319c14094c
Dominick Cruz,http://ufcstats.com/fighter-details/10f3ba6cd2f44a97
Nate Landwehr,http://ufcstats.com/fighter-details/583ee11abddfc581
David Onama,http://ufcstats.com/fighter-details/ffe9703408fb5964
Yazmin Jauregui,http://ufcstats.com/fighter-details/40cb680ae1cd331f
Iasmin Lucindo,http://ufcstats.com/fighter-details/abcf2cc6efc42031
Azamat Murzakanov,http://ufcstats.com/fighter-details/e90a2f22417af68e
Devin Clark,http://ufcstats.com/fighter-details/cc7040fe76f0ef91
Priscila Cachoeira,http://ufcstats.com/fighter-details/b1e5bcaad32a3cac
Ariane Lipski,http://ufcstats.com/fighter-details/6551c64fbcd1a467
Gerald Meerschaert,http://ufcstats.com/fighter-details/6ac9bc2953c47345
Bruno Silva,http://ufcstats.com/fighter-details/12ebd7d157e91701
Angela Hill,http://ufcstats.com/fighter-details/f0feeb2192937424
Loopy Godinez,http://ufcstats.com/fighter-details/8e5d953bdb9ae5e7
Martin Buday,http://ufcstats.com/fighter-details/8eb046f83e82bf26
Lukasz Brzeski,http://ufcstats.com/fighter-details/0c25d0a5e8cdbf19
Nina Nunes,http://ufcstats.com/fighter-details/d343df8ba11f4c4e
Cynthia Calvillo,http://ufcstats.com/fighter-details/98215d037be5bcb7
Gabriel Benitez,http://ufcstats.com/fighter-details/436f970c9ea9169c
Charlie Ontiveros,http://ufcstats.com/fighter-details/318572f6f74b760d
Tyson Nam,http://ufcstats.com/fighter-details/6e00cfffd54653c4
Ode Osbourne,http://ufcstats.com/fighter-details/6d68c1afe954f121
Josh Quinlan,http://ufcstats.com/fighter-details/876f478f796495f7
Jason Witt,http://ufcstats.com/fighter-details/5f3805dda9661cba
Youssef Zalal,http://ufcstats.com/fighter-details/52c2ae6d2f2d2613
Da'Mon Blackshear,http://ufcstats.com/fighter-details/da22387a0407a2dc
Jamahal Hill,http://ufcstats.com/fighter-details/5444c5a201d3ee5a
Thiago Santos,http://ufcstats.com/fighter-details/dea070ed4a2a8281
Geoff Neal,http://ufcstats.com/fighter-details/b997be68943010fc
Vicente Luque,http://ufcstats.com/fighter-details/6d4b63c767106d3a
Mohammed Usman,http://ufcstats.com/fighter-details/da7f113b5ea39c43
Zac Pauga,http://ufcstats.com/fighter-details/56f7d7ee06be4aab
Juliana Miller,http://ufcstats.com/fighter-details/aa0c573da7119292
Brogan Walker,http://ufcstats.com/fighter-details/4333a8e70a672eb7
Serghei Spivac,http://ufcstats.com/fighter-details/e2f6b2769aaedd6c
Augusto Sakai,http://ufcstats.com/fighter-details/441eacbe20e0e80b
Terrance McKinney,http://ufcstats.com/fighter-details/809bd1a871491508
Erick Gonzalez,http://ufcstats.com/fighter-details/a2ccf35a88346a91
Michal Oleksiejczuk,http://ufcstats.com/fighter-details/0d65c432720accb9
Sam Alvey,http://ufcstats.com/fighter-details/d156513a19acf856
Bryan Battle,http://ufcstats.com/fighter-details/f626118b6da0e020
Takashi Sato,http://ufcstats.com/fighter-details/8abac218746e04ca
Cory McKenna,http://ufcstats.com/fighter-details/3351aa64aa83c4d9
Miranda Granger,http://ufcstats.com/fighter-details/7559395ad833c074
Mayra Bueno Silva,http://ufcstats.com/fighter-details/cc8c623cca88f54f
Stephanie Egger,http://ufcstats.com/fighter-details/5e6294b37bbef029
Amanda Nunes,http://ufcstats.com/fighter-details/80fa8218c99f9c58
Julianna Pena,http://ufcstats.com/fighter-details/3253b16d38ae087d
Brandon Moreno,http://ufcstats.com/fighter-details/792be9a24df82ed6
Kai Kara-France,http://ufcstats.com/fighter-details/853eb0dd5c0e2149
Sergei Pavlovich,http://ufcstats.com/fighter-details/f14cf73e51b29254
Derrick Lewis,http://ufcstats.com/fighter-details/d3df1add9d9a7efb
Alexandre Pantoja,http://ufcstats.com/fighter-details/a0f0004aadf10b71
Alex Perez,http://ufcstats.com/fighter-details/ab2b4ff41d6ebe0f
Magomed Ankalaev,http://ufcstats.com/fighter-details/d802174b0c0c1f4e
Anthony Smith,http://ufcstats.com/fighter-details/d4c9dcd330403612
Alex Morono,http://ufcstats.com/fighter-details/cdb96af67d096b1e
Matthew Semelsberger,http://ufcstats.com/fighter-details/4aa58269d0664b5b
Drew Dober,http://ufcstats.com/fighter-details/519e4fe37ce9ff75
Rafael Alves,http://ufcstats.com/fighter-details/029afd138865d20a
Don'Tale Mayes,http://ufcstats.com/fighter-details/1a9480fc288e55d7
Hamdy Abdelwahab,http://ufcstats.com/fighter-details/3329d692aea4dc28
Drakkar Klose,http://ufcstats.com/fighter-details/7cbf7c78d3b34218
Rafa Garcia,http://ufcstats.com/fighter-details/e132d47bd9efbbe0
Michael Morales,http://ufcstats.com/fighter-details/c32aeb1a59e6272d
Adam Fugitt,http://ufcstats.com/fighter-details/a01a62132460a98d
Joselyne Edwards,http://ufcstats.com/fighter-details/f9ab66e67240db7b
Ji Yeon Kim,http://ufcstats.com/fighter-details/a20f234df70f2182
Nicolae Negumereanu,http://ufcstats.com/fighter-details/8c57c7b8c3bab0eb
Ihor Potieria,http://ufcstats.com/fighter-details/260bd4cef10b033f
Orion Cosce,http://ufcstats.com/fighter-details/2c010b26a3306969
Blood Diamond,http://ufcstats.com/fighter-details/9edf2c9082cc2cd8
Curtis Blaydes,http://ufcstats.com/fighter-details/fa6796c55d6c5440
Tom Aspinall,http://ufcstats.com/fighter-details/399afbabc02376b5
Jack Hermansson,http://ufcstats.com/fighter-details/0a1942069c9ad6b6
Chris Curtis,http://ufcstats.com/fighter-details/5442f1bc4b47eaf3
Paddy Pimblett,http://ufcstats.com/fighter-details/7826923b47f8d72a
Jordan Leavitt,http://ufcstats.com/fighter-details/ac026518a9b4dc0f
Nikita Krylov,http://ufcstats.com/fighter-details/1091d4d957141094
Alexander Gustafsson,http://ufcstats.com/fighter-details/3c6976f8182d9527
Molly McCann,http://ufcstats.com/fighter-details/51018a31ddf31eb2
Hannah Goldy,http://ufcstats.com/fighter-details/26e3f3928b1891d9
Volkan Oezdemir,http://ufcstats.com/fighter-details/0845c81e37d3bcb3
Paul Craig,http://ufcstats.com/fighter-details/eabf206b162b3b83
Ludovit Klein,http://ufcstats.com/fighter-details/5b86d491d63890c5
Mason Jones,http://ufcstats.com/fighter-details/f6ad6a1e4d600e0d
Marc Diakiese,http://ufcstats.com/fighter-details/32c355b04fc57f3a
Damir Hadzovic,http://ufcstats.com/fighter-details/38c626ca912c7bac
Nathaniel Wood,http://ufcstats.com/fighter-details/329e403448756217
Charles Rosa,http://ufcstats.com/fighter-details/40093d1d2d78394e
Jonathan Pearce,http://ufcstats.com/fighter-details/87c0b1c696ddfb43
Makwan Amirkhani,http://ufcstats.com/fighter-details/87a1dc546b1c5caf
Muhammad Mokaev,http://ufcstats.com/fighter-details/75353550928a7921
Charles Johnson,http://ufcstats.com/fighter-details/814e5233e2acf2ee
Jai Herbert,http://ufcstats.com/fighter-details/4c88a1db5a46c6a4
Kyle Nelson,http://ufcstats.com/fighter-details/31f8081c7600da93
Victoria Leonardo,http://ufcstats.com/fighter-details/9dedfdd91070ddd8
Mandy Bohm,http://ufcstats.com/fighter-details/297a2b35444c245b
Nicolas Dalby,http://ufcstats.com/fighter-details/9d19d9e4aa2662e8
Claudio Silva,http://ufcstats.com/fighter-details/6f7c616b98e18c29
Yair Rodriguez,http://ufcstats.com/fighter-details/cbf5e6f231b55443
Brian Ortega,http://ufcstats.com/fighter-details/def8166ff24bd237
Amanda Lemos,http://ufcstats.com/fighter-details/3df5493bb279226f
Michelle Waterson-Gomez,http://ufcstats.com/fighter-details/eb04b9d31e938edb
Li Jingliang,http://ufcstats.com/fighter-details/e64b96c07d7ce999
Muslim Salikhov,http://ufcstats.com/fighter-details/447f9858ae78f921
Matt Schnell,http://ufcstats.com/fighter-details/67c1d46f4ed16f9e
Sumudaerji,http://ufcstats.com/fighter-details/3cf18e01cb6cbde3
Shane Burgos,http://ufcstats.com/fighter-details/98d961097baaf308
Charles Jourdain,http://ufcstats.com/fighter-details/f1d64ae34e088832
Lauren Murphy,http://ufcstats.com/fighter-details/729d4bd5a6cd0a97
Miesha Tate,http://ufcstats.com/fighter-details/b96619b3acd7d9da
Punahele Soriano,http://ufcstats.com/fighter-details/64facb6cc564262d
Dalcha Lungiambula,http://ufcstats.com/fighter-details/ce632027bf2a871b
Ricky Simon,http://ufcstats.com/fighter-details/5987b2458f4b5290
Jack Shore,http://ufcstats.com/fighter-details/b8a85389d115e35a
Bill Algeo,http://ufcstats.com/fighter-details/9abc648e76c4493a
Herbert Burns,http://ufcstats.com/fighter-details/4f140403000158b5
Dustin Jacoby,http://ufcstats.com/fighter-details/e4277e87a789d687
Da Woon Jung,http://ufcstats.com/fighter-details/74f9448b97bf8bec
Dustin Stoltzfus,http://ufcstats.com/fighter-details/71505842fb6455c3
Dwight Grant,http://ufcstats.com/fighter-details/8be158ca1e5ea6a0
Emily Ducote,http://ufcstats.com/fighter-details/02f8fedc18cbd26c
Jessica Penne,http://ufcstats.com/fighter-details/c742287ed86a09bc
Rafael Fiziev,http://ufcstats.com/fighter-details/c814b4c899793af6
Rafael Dos Anjos,http://ufcstats.com/fighter-details/6a2f7c151031653d
Caio Borralho,http://ufcstats.com/fighter-details/4126a78111c0855a
Armen Petrosyan,http://ufcstats.com/fighter-details/369ea36e450ae62a
Said Nurmagomedov,http://ufcstats.com/fighter-details/0fd5f4b838e890cc
Douglas Silva de Andrade,http://ufcstats.com/fighter-details/3a314d9fa7c6825d
Chase Sherman,http://ufcstats.com/fighter-details/01b352b6a9074d5c
Jared Vanderaa,http://ufcstats.com/fighter-details/2b68d9f125d07b42
Aiemann Zahabi,http://ufcstats.com/fighter-details/24656ef4d605c96f
Ricky Turcios,http://ufcstats.com/fighter-details/cd3d7e37ff2d679c
Jamie Mullarkey,http://ufcstats.com/fighter-details/af9f42e6894047fc
Michael Johnson,http://ufcstats.com/fighter-details/511e82663651438d
Cody Brundage,http://ufcstats.com/fighter-details/f14f644d41ade29f
Tresean Gore,http://ufcstats.com/fighter-details/147e70aa6cc48cfc
Antonina Shevchenko,http://ufcstats.com/fighter-details/d7338bcb141abd2c
Cortney Casey,http://ufcstats.com/fighter-details/5f179af5fffeb9f6
David Onama,http://ufcstats.com/fighter-details/ffe9703408fb5964
Garrett Armfield,http://ufcstats.com/fighter-details/1effd880e1f1bb30
Kennedy Nzechukwu,http://ufcstats.com/fighter-details/8667caa0451d245b
Karl Roberson,http://ufcstats.com/fighter-details/37d5b176d438d2a5
Saidyokub Kakhramonov,http://ufcstats.com/fighter-details/50a28b9f8314e008
Ronnie Lawrence,http://ufcstats.com/fighter-details/e7e01e266a9d4342
Israel Adesanya,http://ufcstats.com/fighter-details/1338e2c7480bdf9e
Jared Cannonier,http://ufcstats.com/fighter-details/13a0275fa13c4d26
Alexander Volkanovski,http://ufcstats.com/fighter-details/e1248941344b3288
Max Holloway,http://ufcstats.com/fighter-details/150ff4cc642270b9
Alex Pereira,http://ufcstats.com/fighter-details/e5549c82bfb5582d
Sean Strickland,http://ufcstats.com/fighter-details/0d8011111be000b2
Bryan Barberena,http://ufcstats.com/fighter-details/a331233f597090a5
Robbie Lawler,http://ufcstats.com/fighter-details/f2925e6db404bf1d
Pedro Munhoz,http://ufcstats.com/fighter-details/6bd02119599741a4
Sean O'Malley,http://ufcstats.com/fighter-details/b50a426a33da0012
Jalin Turner,http://ufcstats.com/fighter-details/4d8fa64202cee4c1
Brad Riddell,http://ufcstats.com/fighter-details/37ed1ab2f8b819f4
Jim Miller,http://ufcstats.com/fighter-details/d1941565abf50b16
Donald Cerrone,http://ufcstats.com/fighter-details/1d00756835ca67c9
Ian Garry,http://ufcstats.com/fighter-details/442c9011034ae1fd
Gabe Green,http://ufcstats.com/fighter-details/5eb50529a8418b77
Dricus Du Plessis,http://ufcstats.com/fighter-details/0d7b51c9d2649a6e
Brad Tavares,http://ufcstats.com/fighter-details/0c6d9ea8306c029e
Andre Muniz,http://ufcstats.com/fighter-details/886264a0c9f4ea5e
Uriah Hall,http://ufcstats.com/fighter-details/65578a75fa7900e3
Maycee Barber,http://ufcstats.com/fighter-details/6a740daf1b279661
Jessica Eye,http://ufcstats.com/fighter-details/f72465a784c1b084
Julija Stoliarenko,http://ufcstats.com/fighter-details/a78a87d8c2bbb1cb
Jessica-Rose Clark,http://ufcstats.com/fighter-details/6c8072b61c276e67
Mateusz Gamrot,http://ufcstats.com/fighter-details/72db2a14ffa73ece
Arman Tsarukyan,http://ufcstats.com/fighter-details/eae48ff31db420c2
Shavkat Rakhmonov,http://ufcstats.com/fighter-details/01afe0916a40c7c5
Neil Magny,http://ufcstats.com/fighter-details/84b3e7d38f2d2ec5
Josh Parisian,http://ufcstats.com/fighter-details/b5da8f7d05e85a55
Alan Baudot,http://ufcstats.com/fighter-details/c9a94278df042f46
Thiago Moises,http://ufcstats.com/fighter-details/d945aae53e3e54e6
Christos Giagos,http://ufcstats.com/fighter-details/de45aaae23dfa392
Umar Nurmagomedov,http://ufcstats.com/fighter-details/2b6fc1c02736833d
Nate Maness,http://ufcstats.com/fighter-details/6e9f40c706f91f32
Chris Curtis,http://ufcstats.com/fighter-details/5442f1bc4b47eaf3
Rodolfo Vieira,http://ufcstats.com/fighter-details/260e9e0d4954aea6
Carlos Ulberg,http://ufcstats.com/fighter-details/9014c02eff8b3d62
Tafon Nchukwi,http://ufcstats.com/fighter-details/6aae253467e8f9ce
Shayilan Nuerdanbieke,http://ufcstats.com/fighter-details/0a73acff6325c1e2
TJ Brown,http://ufcstats.com/fighter-details/d31cbcdd7d69536d
Sergey Morozov,http://ufcstats.com/fighter-details/2f6a993c7f547c13
Raulian Paiva,http://ufcstats.com/fighter-details/82b4e942781b1046
Cody Durden,http://ufcstats.com/fighter-details/7f6ed67d3ed3c036
JP Buys,http://ufcstats.com/fighter-details/0b362247806341e5
Mario Bautista,http://ufcstats.com/fighter-details/bc711b6dd95c1af6
Brian Kelleher,http://ufcstats.com/fighter-details/7be14eaed4c74856
Vanessa Demopoulos,http://ufcstats.com/fighter-details/2c483cf443f38ece
Jinh Yu Frey,http://ufcstats.com/fighter-details/d05cb1e8d1b885d8
Josh Emmett,http://ufcstats.com/fighter-details/fba03cd6cc28dc41
Calvin Kattar,http://ufcstats.com/fighter-details/751de04455cfaac0
Kevin Holland,http://ufcstats.com/fighter-details/3a46b268013afede
Tim Means,http://ufcstats.com/fighter-details/4b47e71384a9522f
Joaquin Buckley,http://ufcstats.com/fighter-details/b9437600497350f3
Albert Duraev,http://ufcstats.com/fighter-details/6b7c7460855dbbb9
Damir Ismagulov,http://ufcstats.com/fighter-details/135d124172a0bea3
Guram Kutateladze,http://ufcstats.com/fighter-details/7772b283d288dbe2
Gregory Rodrigues,http://ufcstats.com/fighter-details/d1c65d2cf2925ddd
Julian Marquez,http://ufcstats.com/fighter-details/d0e1b42d41dab603
Adrian Yanez,http://ufcstats.com/fighter-details/0232cabbc30a2372
Tony Kelley,http://ufcstats.com/fighter-details/1a08b01fdabb6ae2
Natalia Silva,http://ufcstats.com/fighter-details/262d32ebda89efc4
Jasmine Jasudavicius,http://ufcstats.com/fighter-details/a9e260472d321361
Jeremiah Wells,http://ufcstats.com/fighter-details/d66a46de8d705353
Court McGee,http://ufcstats.com/fighter-details/523fa774700d7d3f
Ricardo Ramos,http://ufcstats.com/fighter-details/1ae8f3c723aacff4
Danny Chavez,http://ufcstats.com/fighter-details/0de720c0f1d4ab9c
Maria Oliveira,http://ufcstats.com/fighter-details/37d752ec41ed84bb
Gloria de Paula,http://ufcstats.com/fighter-details/5dd180c8b3196786
Cody Stamann,http://ufcstats.com/fighter-details/bf7ad5628363eec9
Eddie Wineland,http://ufcstats.com/fighter-details/fc9a9559a05f2704
Phil Hawes,http://ufcstats.com/fighter-details/547afe1017e72dbe
Deron Winn,http://ufcstats.com/fighter-details/483a953b18d73bb3
Roman Dolidze,http://ufcstats.com/fighter-details/327d5f279895110d
Kyle Daukaus,http://ufcstats.com/fighter-details/d6c0cdd7e467c440
Jiri Prochazka,http://ufcstats.com/fighter-details/009341ed974bad72
Glover Teixeira,http://ufcstats.com/fighter-details/7ff97850e8c32bda
Valentina Shevchenko,http://ufcstats.com/fighter-details/132deb59abae64b1
Taila Santos,http://ufcstats.com/fighter-details/f7467152fd9f18a2
Zhang Weili,http://ufcstats.com/fighter-details/1ebe20ebbfa15e29
Joanna Jedrzejczyk,http://ufcstats.com/fighter-details/3d6749c4267da18f
Jake Matthews,http://ufcstats.com/fighter-details/a845f0735bc67405
Andre Fialho,http://ufcstats.com/fighter-details/33efaf2d0941cfcf
Jack Della Maddalena,http://ufcstats.com/fighter-details/6b453bc35a823c3f
Ramazan Emeev,http://ufcstats.com/fighter-details/abd5fb12437eda21
Josh Culibao,http://ufcstats.com/fighter-details/6751eacd16bd59bc
SeungWoo Choi,http://ufcstats.com/fighter-details/a68575214ecad140
Maheshate,http://ufcstats.com/fighter-details/8c1ca54b5089d199
Steve Garcia,http://ufcstats.com/fighter-details/97cf1a2c7c5e7889
Brendan Allen,http://ufcstats.com/fighter-details/2f181c0467965b98
Jacob Malkoun,http://ufcstats.com/fighter-details/d4270315cbcf2569
Kyung Ho Kang,http://ufcstats.com/fighter-details/a7897d200692ab64
Batgerel Danaa,http://ufcstats.com/fighter-details/3b0a516d2921e0d6
Silvana Gomez Juarez,http://ufcstats.com/fighter-details/b4880ef2f838d4e1
Liang Na,http://ufcstats.com/fighter-details/ec0dcceace7d25a3
Joselyne Edwards,http://ufcstats.com/fighter-details/f9ab66e67240db7b
Ramona Pascual,http://ufcstats.com/fighter-details/3eb4dc9a7d4ac906
Alexander Volkov,http://ufcstats.com/fighter-details/279566840aa55bf2
Jairzinho Rozenstruik,http://ufcstats.com/fighter-details/2cd428e9606856fd
Movsar Evloev,http://ufcstats.com/fighter-details/76e2870ffafbe38f
Dan Ige,http://ufcstats.com/fighter-details/82a5152216251682
Lucas Almeida,http://ufcstats.com/fighter-details/710f0f8c5d5c9d41
Michael Trizano,http://ufcstats.com/fighter-details/5bf31a46becc1204
Karine Silva,http://ufcstats.com/fighter-details/9d62c2d8ee151f08
Poliana Botelho,http://ufcstats.com/fighter-details/5c126c6aac3ef364
Ode Osbourne,http://ufcstats.com/fighter-details/6d68c1afe954f121
Zarrukh Adashev,http://ufcstats.com/fighter-details/79cb2a690b9ba5e8
Alonzo Menifield,http://ufcstats.com/fighter-details/a495f599e787614f
Askar Mozharov,http://ufcstats.com/fighter-details/e92901944ce91909
Karolina Kowalkiewicz,http://ufcstats.com/fighter-details/d7c3816669784109
Felice Herrig,http://ufcstats.com/fighter-details/b6850671a008bf9a
Joe Solecki,http://ufcstats.com/fighter-details/af65aa688d13eedf
Alex Da Silva,http://ufcstats.com/fighter-details/c3ded6f7155f9ea4
Damon Jackson,http://ufcstats.com/fighter-details/29af297d9f1de0f8
Dan Argueta,http://ufcstats.com/fighter-details/e4ba58725825412d
Benoit Saint Denis,http://ufcstats.com/fighter-details/c2299ec916bc7c56
Niklas Stolze,http://ufcstats.com/fighter-details/62f7097c04311193
Tony Gravely,http://ufcstats.com/fighter-details/601964f9654f911a
Johnny Munoz,http://ufcstats.com/fighter-details/f6bcbd91b114ff58
Jeff Molina,http://ufcstats.com/fighter-details/008ea710276c9606
Zhalgas Zhumagulov,http://ufcstats.com/fighter-details/55fa6ce3e522c8bb
Rinat Fakhretdinov,http://ufcstats.com/fighter-details/8f765fd5775a8873
Andreas Michailidis,http://ufcstats.com/fighter-details/79325a3c1a5c3bf4
Erin Blanchfield,http://ufcstats.com/fighter-details/669970f7feba8ecd
JJ Aldrich,http://ufcstats.com/fighter-details/6fd953151d981979
Ketlen Vieira,http://ufcstats.com/fighter-details/b9706f80d005036c
Holly Holm,http://ufcstats.com/fighter-details/634e2fb70bde3fd5
Michel Pereira,http://ufcstats.com/fighter-details/595db60957de51d3
Santiago Ponzinibbio,http://ufcstats.com/fighter-details/6d1bffff14897645
Chidi Njokuani,http://ufcstats.com/fighter-details/c68c68efaa5ca6ef
Dusko Todorovic,http://ufcstats.com/fighter-details/866fd7b1a6c90e7f
Tabatha Ricci,http://ufcstats.com/fighter-details/d25240135aee03e5
Polyana Viana,http://ufcstats.com/fighter-details/9673a497a9da119a
JunYong Park,http://ufcstats.com/fighter-details/285ae0b4a68221f4
Eryk Anders,http://ufcstats.com/fighter-details/cad24459b28592ca
Joseph Holmes,http://ufcstats.com/fighter-details/8d20d76af3f213ce
Alen Amedovski,http://ufcstats.com/fighter-details/70fa1c64a2c439ef
Jailton Almeida,http://ufcstats.com/fighter-details/41e83a89929d1327
Parker Porter,http://ufcstats.com/fighter-details/ac40f7e3cbecdda4
Uros Medic,http://ufcstats.com/fighter-details/681399317dbf4701
Omar Morales,http://ufcstats.com/fighter-details/a0e6753c42698f13
Jonathan Martinez,http://ufcstats.com/fighter-details/f2477cf43c4975cc
Vince Morales,http://ufcstats.com/fighter-details/37098a6e6c27fb66
Chase Hooper,http://ufcstats.com/fighter-details/971246648e162f0d
Felipe Colares,http://ufcstats.com/fighter-details/dbac0a413af64bbe
Sam Hughes,http://ufcstats.com/fighter-details/e94085e821bd81de
Elise Reed,http://ufcstats.com/fighter-details/ac7c765882f2c68c
Jan Blachowicz,http://ufcstats.com/fighter-details/99df7d0a2a08a8a8
Aleksandar Rakic,http://ufcstats.com/fighter-details/333b9e5c723ac873
Ryan Spann,http://ufcstats.com/fighter-details/a67f5afa8d6a1b80
Ion Cutelaba,http://ufcstats.com/fighter-details/cd13728ae1151f46
Davey Grant,http://ufcstats.com/fighter-details/113df4fde64735c6
Louis Smolka,http://ufcstats.com/fighter-details/d2bc285ead803db0
Katlyn Chookagian,http://ufcstats.com/fighter-details/e872e9a9a902c045
Amanda Ribas,http://ufcstats.com/fighter-details/beecb672a279223e
Manuel Torres,http://ufcstats.com/fighter-details/2e7878927067fdca
Frank Camacho,http://ufcstats.com/fighter-details/764342d39cdaa54a
Allan Nascimento,http://ufcstats.com/fighter-details/253076a23d03dcd0
Jake Hadley,http://ufcstats.com/fighter-details/60a42bf82447c919
Viviane Araujo,http://ufcstats.com/fighter-details/36541f1e6c5d4955
Andrea Lee,http://ufcstats.com/fighter-details/05fa626cb33d15b8
Michael Johnson,http://ufcstats.com/fighter-details/511e82663651438d
Alan Patrick,http://ufcstats.com/fighter-details/cd7763bcadb5d4c8
Virna Jandiroba,http://ufcstats.com/fighter-details/7dda2cf308f24a02
Angela Hill,http://ufcstats.com/fighter-details/f0feeb2192937424
Tatsuro Taira,http://ufcstats.com/fighter-details/4461d7e47375a895
Carlos Candelario,http://ufcstats.com/fighter-details/760a55d5b6098cbe
Andre Petroski,http://ufcstats.com/fighter-details/5f61780fe5e9b6d0
Nick Maximov,http://ufcstats.com/fighter-details/12585614e0ed2626
Charles Oliveira,http://ufcstats.com/fighter-details/07225ba28ae309b6
Justin Gaethje,http://ufcstats.com/fighter-details/9e8f6c728eb01124
Carla Esparza,http://ufcstats.com/fighter-details/d910665038efc639
Rose Namajunas,http://ufcstats.com/fighter-details/47b63240018d5d86
Michael Chandler,http://ufcstats.com/fighter-details/4b93a88f3b1de35b
Tony Ferguson,http://ufcstats.com/fighter-details/22a92d7f62195791
Ovince Saint Preux,http://ufcstats.com/fighter-details/50db8711c70196cd
Mauricio Rua,http://ufcstats.com/fighter-details/140745cbbcb023ac
Randy Brown,http://ufcstats.com/fighter-details/c6aee362c7a7d482
Khaos Williams,http://ufcstats.com/fighter-details/2558ae2e5671e318
Francisco Trinaldo,http://ufcstats.com/fighter-details/a8283a4f415e1eb9
Danny Roberts,http://ufcstats.com/fighter-details/a6cba6bb66c1a8c9
Macy Chiasson,http://ufcstats.com/fighter-details/9cdd2da1a9104a0b
Norma Dumont,http://ufcstats.com/fighter-details/d3f5d33d61cd00c9
Brandon Royval,http://ufcstats.com/fighter-details/6e15f63b6c2e2c15
Matt Schnell,http://ufcstats.com/fighter-details/67c1d46f4ed16f9e
Blagoy Ivanov,http://ufcstats.com/fighter-details/1788eee370f077b7
Marcos Rogerio de Lima,http://ufcstats.com/fighter-details/ab943cd2c3c17825
Andre Fialho,http://ufcstats.com/fighter-details/33efaf2d0941cfcf
Cameron VanCamp,http://ufcstats.com/fighter-details/87e2468b986ebb79
Tracy Cortez,http://ufcstats.com/fighter-details/68d4a891e5cf2029
Melissa Gatto,http://ufcstats.com/fighter-details/a4a80dd7336ffd59
CJ Vergara,http://ufcstats.com/fighter-details/077e3ace32b72be9
Kleydson Rodrigues,http://ufcstats.com/fighter-details/102a8fdf8cbf7467
Loopy Godinez,http://ufcstats.com/fighter-details/8e5d953bdb9ae5e7
Ariane Carnelossi,http://ufcstats.com/fighter-details/c0d5c0c95c59050b
Journey Newson,http://ufcstats.com/fighter-details/78f485f851891d68
Fernie Garcia,http://ufcstats.com/fighter-details/9e92e1ca498d7244
Marlon Vera,http://ufcstats.com/fighter-details/7c7332319c14094c
Rob Font,http://ufcstats.com/fighter-details/05339613bf8e9808
Andrei Arlovski,http://ufcstats.com/fighter-details/3738e68d2261e60f
Jake Collier,http://ufcstats.com/fighter-details/92fa1401b7927da3
Joanderson Brito,http://ufcstats.com/fighter-details/791c8437b341fba5
Andre Fili,http://ufcstats.com/fighter-details/8fd808923cffff82
Grant Dawson,http://ufcstats.com/fighter-details/99bd51917728c25d
Jared Gordon,http://ufcstats.com/fighter-details/7026eca45f65377b
Darren Elkins,http://ufcstats.com/fighter-details/92a9aa9c93192871
Tristan Connelly,http://ufcstats.com/fighter-details/2ebfbe72ed703925
Krzysztof Jotko,http://ufcstats.com/fighter-details/4e06913c91da5200
Gerald Meerschaert,http://ufcstats.com/fighter-details/6ac9bc2953c47345
Alexandr Romanov,http://ufcstats.com/fighter-details/c0badf3243907e59
Chase Sherman,http://ufcstats.com/fighter-details/01b352b6a9074d5c
Francisco Figueiredo,http://ufcstats.com/fighter-details/cdadae5363b66eef
Daniel Lacerda,http://ufcstats.com/fighter-details/31bb0772f21cabd8
Gabe Green,http://ufcstats.com/fighter-details/5eb50529a8418b77
Yohan Lainesse,http://ufcstats.com/fighter-details/f998f5c102250d6e
Natan Levy,http://ufcstats.com/fighter-details/a29db9cd4f9ccea5
Mike Breeden,http://ufcstats.com/fighter-details/d80ee110748171ac
Shanna Young,http://ufcstats.com/fighter-details/568bbad0eaced57c
Gina Mazany,http://ufcstats.com/fighter-details/016a8d958883167c
Jessica Andrade,http://ufcstats.com/fighter-details/6a1901c62ab3870f
Amanda Lemos,http://ufcstats.com/fighter-details/3df5493bb279226f
Claudio Puelles,http://ufcstats.com/fighter-details/d747eb273a40a920
Clay Guida,http://ufcstats.com/fighter-details/c47df9303d318c67
Maycee Barber,http://ufcstats.com/fighter-details/6a740daf1b279661
Montana De La Rosa,http://ufcstats.com/fighter-details/80d8aed0ca9b00f3
Charles Jourdain,http://ufcstats.com/fighter-details/f1d64ae34e088832
Lando Vannata,http://ufcstats.com/fighter-details/f9b200db02b488d9
Marc-Andre Barriault,http://ufcstats.com/fighter-details/8e9eb3fc86db0f7d
Jordan Wright,http://ufcstats.com/fighter-details/c878270af633eb11
Sergey Khandozhko,http://ufcstats.com/fighter-details/90da09db03e41748
Dwight Grant,http://ufcstats.com/fighter-details/8be158ca1e5ea6a0
Tyson Pedro,http://ufcstats.com/fighter-details/49e96ff8ab781589
Ike Villanueva,http://ufcstats.com/fighter-details/f9d0cae37dabfafc
Aoriqileng,http://ufcstats.com/fighter-details/7d420039bbfe7c1a
Cameron Else,http://ufcstats.com/fighter-details/5f3da9a9610d8969
Preston Parsons,http://ufcstats.com/fighter-details/9fe7af8b3fbe00a0
Evan Elder,http://ufcstats.com/fighter-details/d9a56ecb6e94f02e
Philipe Lins,http://ufcstats.com/fighter-details/53c943c873cffe90
Marcin Prachnio,http://ufcstats.com/fighter-details/6370c1c1e12723d5
Mike Jackson,http://ufcstats.com/fighter-details/0641c21bec209472
Dean Barry,http://ufcstats.com/fighter-details/a6f3d15cb84334bb
Belal Muhammad,http://ufcstats.com/fighter-details/b1b0729d27936f2f
Vicente Luque,http://ufcstats.com/fighter-details/6d4b63c767106d3a
Caio Borralho,http://ufcstats.com/fighter-details/4126a78111c0855a
Gadzhi Omargadzhiev,http://ufcstats.com/fighter-details/684d3aee255a3d09
Andre Fialho,http://ufcstats.com/fighter-details/33efaf2d0941cfcf
Miguel Baeza,http://ufcstats.com/fighter-details/82d4c957649faf9b
Mayra Bueno Silva,http://ufcstats.com/fighter-details/cc8c623cca88f54f
Wu Yanan,http://ufcstats.com/fighter-details/fdbefee0827e1567
Pat Sabatini,http://ufcstats.com/fighter-details/b8bbdeff718dbb7d
TJ Laramie,http://ufcstats.com/fighter-details/cd2e5a390821fb48
Mounir Lazzez,http://ufcstats.com/fighter-details/49ee5024966efc0d
Ange Loosa,http://ufcstats.com/fighter-details/1497e735d9f2560a
Devin Clark,http://ufcstats.com/fighter-details/cc7040fe76f0ef91
William Knight,http://ufcstats.com/fighter-details/5da33b8fbfa5ee95
Pannie Kianzad,http://ufcstats.com/fighter-details/91dac5e69e28d5b5
Lina Lansberg,http://ufcstats.com/fighter-details/2eeaefbfc7f9fcff
Drakkar Klose,http://ufcstats.com/fighter-details/7cbf7c78d3b34218
Brandon Jenkins,http://ufcstats.com/fighter-details/6a8928652fc01bee
Rafa Garcia,http://ufcstats.com/fighter-details/e132d47bd9efbbe0
Jesse Ronson,http://ufcstats.com/fighter-details/5580771f383e141f
Martin Buday,http://ufcstats.com/fighter-details/8eb046f83e82bf26
Chris Barnett,http://ufcstats.com/fighter-details/7a5e8c94a86f9895
Jordan Leavitt,http://ufcstats.com/fighter-details/ac026518a9b4dc0f
Trey Ogden,http://ufcstats.com/fighter-details/cfc3e7bb44685289
Sam Hughes,http://ufcstats.com/fighter-details/e94085e821bd81de
Istela Nunes,http://ufcstats.com/fighter-details/efc67b07eed39794
Alatengheili,http://ufcstats.com/fighter-details/1897b7b913736a7c
Kevin Croom,http://ufcstats.com/fighter-details/35b3772629e27a49
Alexander Volkanovski,http://ufcstats.com/fighter-details/e1248941344b3288
Chan Sung Jung,http://ufcstats.com/fighter-details/c451d67c09c55418
Aljamain Sterling,http://ufcstats.com/fighter-details/cb696ebfb6598724
Petr Yan,http://ufcstats.com/fighter-details/d661ce4da776fc20
Khamzat Chimaev,http://ufcstats.com/fighter-details/767755fd74662dbf
Gilbert Burns,http://ufcstats.com/fighter-details/23024fdfc966410a
Mackenzie Dern,http://ufcstats.com/fighter-details/7447e9f28508106a
Tecia Torres,http://ufcstats.com/fighter-details/31ef8b67e13495b3
Mark Madsen,http://ufcstats.com/fighter-details/da0995f19b749cfa
Vinc Pichel,http://ufcstats.com/fighter-details/c77a953488e5607d
Ian Garry,http://ufcstats.com/fighter-details/442c9011034ae1fd
Darian Weeks,http://ufcstats.com/fighter-details/326a001926ffb7ec
Anthony Hernandez,http://ufcstats.com/fighter-details/093e1f5bb73850be
Josh Fremd,http://ufcstats.com/fighter-details/ca43de99b07b6b40
Raquel Pennington,http://ufcstats.com/fighter-details/fc169c387b4b465d
Aspen Ladd,http://ufcstats.com/fighter-details/d4691518d012b9e7
Mike Malott,http://ufcstats.com/fighter-details/dd6103dd7127db1d
Mickey Gall,http://ufcstats.com/fighter-details/9e50097a89442158
Aleksei Oleinik,http://ufcstats.com/fighter-details/98c23cb6da5b3352
Jared Vanderaa,http://ufcstats.com/fighter-details/2b68d9f125d07b42
Piera Rodriguez,http://ufcstats.com/fighter-details/e375cb5caf4717b6
Kay Hansen,http://ufcstats.com/fighter-details/4100c7a09497ad41
Julio Arce,http://ufcstats.com/fighter-details/1291edf2d566a71a
Daniel Santos,http://ufcstats.com/fighter-details/b67d6bacc68d4c92
Curtis Blaydes,http://ufcstats.com/fighter-details/fa6796c55d6c5440
Chris Daukaus,http://ufcstats.com/fighter-details/d0aaedcf7ccd0b45
Alexa Grasso,http://ufcstats.com/fighter-details/e8b731feff72294b
Joanne Wood,http://ufcstats.com/fighter-details/12f91bfa8f1f723b
Bryan Barberena,http://ufcstats.com/fighter-details/a331233f597090a5
Matt Brown,http://ufcstats.com/fighter-details/31123249b0bbf52e
Kai Kara-France,http://ufcstats.com/fighter-details/853eb0dd5c0e2149
Askar Askarov,http://ufcstats.com/fighter-details/b1d19449397541dc
Neil Magny,http://ufcstats.com/fighter-details/84b3e7d38f2d2ec5
Max Griffin,http://ufcstats.com/fighter-details/b0d6a1d8ac3d563d
Marc Diakiese,http://ufcstats.com/fighter-details/32c355b04fc57f3a
Viacheslav Borshchev,http://ufcstats.com/fighter-details/19c591115a58982c
Sara McMann,http://ufcstats.com/fighter-details/7be74a12d7352df2
Karol Rosa,http://ufcstats.com/fighter-details/351c4ec637380ad5
Chris Gutierrez,http://ufcstats.com/fighter-details/45f0cc9d18f35137
Batgerel Danaa,http://ufcstats.com/fighter-details/3b0a516d2921e0d6
Aliaskhab Khizriev,http://ufcstats.com/fighter-details/7ab478c397cd68ef
Denis Tiuliulin,http://ufcstats.com/fighter-details/0112352cb32f5026
Manon Fiorot,http://ufcstats.com/fighter-details/34ff304266360297
Jennifer Maia,http://ufcstats.com/fighter-details/8e1f36476ef02a6a
Matheus Nicolau,http://ufcstats.com/fighter-details/1a31ef98efce7a79
David Dvorak,http://ufcstats.com/fighter-details/9ada30894bf04e19
Luis Saldana,http://ufcstats.com/fighter-details/12e0fdc606f7e274
Bruno Souza,http://ufcstats.com/fighter-details/0e5c4e72237461bb
Tom Aspinall,http://ufcstats.com/fighter-details/399afbabc02376b5
Alexander Volkov,http://ufcstats.com/fighter-details/279566840aa55bf2
Arnold Allen,http://ufcstats.com/fighter-details/040a74bb0a465c54
Dan Hooker,http://ufcstats.com/fighter-details/193b9d1858bc4df3
Paddy Pimblett,http://ufcstats.com/fighter-details/7826923b47f8d72a
Kazula Vargas,http://ufcstats.com/fighter-details/ec18eb918121787c
Gunnar Nelson,http://ufcstats.com/fighter-details/fd55393021a8c255
Takashi Sato,http://ufcstats.com/fighter-details/8abac218746e04ca
Molly McCann,http://ufcstats.com/fighter-details/51018a31ddf31eb2
Luana Carolina,http://ufcstats.com/fighter-details/528b071cf3da7c56
Ilia Topuria,http://ufcstats.com/fighter-details/54f64b5e283b0ce7
Jai Herbert,http://ufcstats.com/fighter-details/4c88a1db5a46c6a4
Makwan Amirkhani,http://ufcstats.com/fighter-details/87a1dc546b1c5caf
Mike Grundy,http://ufcstats.com/fighter-details/56fcb2c4d99f9d1b
Sergei Pavlovich,http://ufcstats.com/fighter-details/f14cf73e51b29254
Shamil Abdurakhimov,http://ufcstats.com/fighter-details/2f5cbecbbe18bac4
Paul Craig,http://ufcstats.com/fighter-details/eabf206b162b3b83
Nikita Krylov,http://ufcstats.com/fighter-details/1091d4d957141094
Jack Shore,http://ufcstats.com/fighter-details/b8a85389d115e35a
Timur Valiev,http://ufcstats.com/fighter-details/45e738622ea2c02c
Elise Reed,http://ufcstats.com/fighter-details/ac7c765882f2c68c
Cory McKenna,http://ufcstats.com/fighter-details/3351aa64aa83c4d9
Muhammad Mokaev,http://ufcstats.com/fighter-details/75353550928a7921
Cody Durden,http://ufcstats.com/fighter-details/7f6ed67d3ed3c036
Magomed Ankalaev,http://ufcstats.com/fighter-details/d802174b0c0c1f4e
Thiago Santos,http://ufcstats.com/fighter-details/dea070ed4a2a8281
Song Yadong,http://ufcstats.com/fighter-details/efb96bf3e9ada36f
Marlon Moraes,http://ufcstats.com/fighter-details/fea79f9bc8c68769
Sodiq Yusuff,http://ufcstats.com/fighter-details/94426bb170c88115
Alex Caceres,http://ufcstats.com/fighter-details/7aa3d6964eff4877
Khalil Rountree Jr.,http://ufcstats.com/fighter-details/749f572d1d3161fb
Karl Roberson,http://ufcstats.com/fighter-details/37d5b176d438d2a5
Drew Dober,http://ufcstats.com/fighter-details/519e4fe37ce9ff75
Terrance McKinney,http://ufcstats.com/fighter-details/809bd1a871491508
Alex Pereira,http://ufcstats.com/fighter-details/e5549c82bfb5582d
Bruno Silva,http://ufcstats.com/fighter-details/12ebd7d157e91701
Matthew Semelsberger,http://ufcstats.com/fighter-details/4aa58269d0664b5b
AJ Fletcher,http://ufcstats.com/fighter-details/725b1abc9a39d873
JJ Aldrich,http://ufcstats.com/fighter-details/6fd953151d981979
Gillian Robertson,http://ufcstats.com/fighter-details/38c7f72747f4f712
Javid Basharat,http://ufcstats.com/fighter-details/bbab3baf66128ae2
Trevin Jones,http://ufcstats.com/fighter-details/ec23c1be628d8057
Damon Jackson,http://ufcstats.com/fighter-details/29af297d9f1de0f8
Kamuela Kirk,http://ufcstats.com/fighter-details/c7d7fda69ec410d3
Miranda Maverick,http://ufcstats.com/fighter-details/f29a6350c69f4a33
Sabina Mazo,http://ufcstats.com/fighter-details/70d2329a92864fdb
Cody Brundage,http://ufcstats.com/fighter-details/f14f644d41ade29f
Dalcha Lungiambula,http://ufcstats.com/fighter-details/ce632027bf2a871b
Guido Cannetti,http://ufcstats.com/fighter-details/d05412b513b19621
Kris Moutinho,http://ufcstats.com/fighter-details/9c27f3217891f3f0
Azamat Murzakanov,http://ufcstats.com/fighter-details/e90a2f22417af68e
Tafon Nchukwi,http://ufcstats.com/fighter-details/6aae253467e8f9ce
Colby Covington,http://ufcstats.com/fighter-details/dc9572dd6ec74859
Jorge Masvidal,http://ufcstats.com/fighter-details/47b9e0e7703a4868
Rafael Dos Anjos,http://ufcstats.com/fighter-details/6a2f7c151031653d
Renato Moicano,http://ufcstats.com/fighter-details/b6452706b373eea1
Bryce Mitchell,http://ufcstats.com/fighter-details/d9c6f19f958643e9
Edson Barboza,http://ufcstats.com/fighter-details/64a50dad704d1d49
Kevin Holland,http://ufcstats.com/fighter-details/3a46b268013afede
Alex Oliveira,http://ufcstats.com/fighter-details/57b10fca4f9c9a7a
Serghei Spivac,http://ufcstats.com/fighter-details/e2f6b2769aaedd6c
Greg Hardy,http://ufcstats.com/fighter-details/85073dbd1be65ed9
Jalin Turner,http://ufcstats.com/fighter-details/4d8fa64202cee4c1
Jamie Mullarkey,http://ufcstats.com/fighter-details/af9f42e6894047fc
Marina Rodriguez,http://ufcstats.com/fighter-details/cd2c4d30c6e13b47
Yan Xiaonan,http://ufcstats.com/fighter-details/c41d426cc7326d1b
Nicolae Negumereanu,http://ufcstats.com/fighter-details/8c57c7b8c3bab0eb
Kennedy Nzechukwu,http://ufcstats.com/fighter-details/8667caa0451d245b
Maryna Moroz,http://ufcstats.com/fighter-details/b4192a975027aab6
Mariya Agapova,http://ufcstats.com/fighter-details/a08ddd04eaffd81d
Umar Nurmagomedov,http://ufcstats.com/fighter-details/2b6fc1c02736833d
Brian Kelleher,http://ufcstats.com/fighter-details/7be14eaed4c74856
Tim Elliott,http://ufcstats.com/fighter-details/c96d9178c9ed9e62
Tagir Ulanbekov,http://ufcstats.com/fighter-details/f00ac08ab056af5d
Ludovit Klein,http://ufcstats.com/fighter-details/5b86d491d63890c5
Devonte Smith,http://ufcstats.com/fighter-details/207773daeb4afa7b
Dustin Jacoby,http://ufcstats.com/fighter-details/e4277e87a789d687
Michal Oleksiejczuk,http://ufcstats.com/fighter-details/0d65c432720accb9
Islam Makhachev,http://ufcstats.com/fighter-details/275aca31f61ba28c
Bobby Green,http://ufcstats.com/fighter-details/887961364be5ceb3
Wellington Turman,http://ufcstats.com/fighter-details/4dcfb28c011c11b2
Misha Cirkunov,http://ufcstats.com/fighter-details/67f272324a030d00
Priscila Cachoeira,http://ufcstats.com/fighter-details/b1e5bcaad32a3cac
Ji Yeon Kim,http://ufcstats.com/fighter-details/a20f234df70f2182
Arman Tsarukyan,http://ufcstats.com/fighter-details/eae48ff31db420c2
Joel Alvarez,http://ufcstats.com/fighter-details/58bbef3770bb2dfc
Armen Petrosyan,http://ufcstats.com/fighter-details/369ea36e450ae62a
Gregory Rodrigues,http://ufcstats.com/fighter-details/d1c65d2cf2925ddd
Ignacio Bahamondes,http://ufcstats.com/fighter-details/e4a47b07044ddd72
Rong Zhu,http://ufcstats.com/fighter-details/a13d755965a4ec9f
Josiane Nunes,http://ufcstats.com/fighter-details/68d35296f566792b
Ramona Pascual,http://ufcstats.com/fighter-details/3eb4dc9a7d4ac906
Terrance McKinney,http://ufcstats.com/fighter-details/809bd1a871491508
Fares Ziam,http://ufcstats.com/fighter-details/1e4f273069fb9e85
Jonathan Martinez,http://ufcstats.com/fighter-details/f2477cf43c4975cc
Alejandro Perez,http://ufcstats.com/fighter-details/80daefbed11ce998
Ramiz Brahimaj,http://ufcstats.com/fighter-details/3d074044a33825e7
Micheal Gillmore,http://ufcstats.com/fighter-details/ce175eaafe867d1f
Carlos Hernandez,http://ufcstats.com/fighter-details/798e48f9e7f6ba22
Victor Altamirano,http://ufcstats.com/fighter-details/dc7927cd622676a7
Jamahal Hill,http://ufcstats.com/fighter-details/5444c5a201d3ee5a
Johnny Walker,http://ufcstats.com/fighter-details/c21f26bbde777573
Kyle Daukaus,http://ufcstats.com/fighter-details/d6c0cdd7e467c440
Jamie Pickett,http://ufcstats.com/fighter-details/830f60497fab345a
Parker Porter,http://ufcstats.com/fighter-details/ac40f7e3cbecdda4
Alan Baudot,http://ufcstats.com/fighter-details/c9a94278df042f46
Jim Miller,http://ufcstats.com/fighter-details/d1941565abf50b16
Nikolas Motta,http://ufcstats.com/fighter-details/37f560436d745c18
Joaquin Buckley,http://ufcstats.com/fighter-details/b9437600497350f3
Abdul Razak Alhassan,http://ufcstats.com/fighter-details/eae431e70064e046
David Onama,http://ufcstats.com/fighter-details/ffe9703408fb5964
Gabriel Benitez,http://ufcstats.com/fighter-details/436f970c9ea9169c
Stephanie Egger,http://ufcstats.com/fighter-details/5e6294b37bbef029
Jessica-Rose Clark,http://ufcstats.com/fighter-details/6c8072b61c276e67
Chas Skelly,http://ufcstats.com/fighter-details/4bd6b4800070b069
Mark Striegl,http://ufcstats.com/fighter-details/ef1182eb28c17d4e
Gloria de Paula,http://ufcstats.com/fighter-details/5dd180c8b3196786
Diana Belbita,http://ufcstats.com/fighter-details/d7e40dca3ae125be
Chad Anheliger,http://ufcstats.com/fighter-details/c7c39e2fb70248b3
Jesse Strader,http://ufcstats.com/fighter-details/8c39367b53eadf8a
Jonathan Pearce,http://ufcstats.com/fighter-details/87c0b1c696ddfb43
Christian Rodriguez,http://ufcstats.com/fighter-details/5ec591b78349ba7e
Mario Bautista,http://ufcstats.com/fighter-details/bc711b6dd95c1af6
Jay Perrin,http://ufcstats.com/fighter-details/01fed6f61ebea01f
Israel Adesanya,http://ufcstats.com/fighter-details/1338e2c7480bdf9e
Robert Whittaker,http://ufcstats.com/fighter-details/e1147d3d2dabe1ce
Tai Tuivasa,http://ufcstats.com/fighter-details/c62fbc117d57b943
Derrick Lewis,http://ufcstats.com/fighter-details/d3df1add9d9a7efb
Jared Cannonier,http://ufcstats.com/fighter-details/13a0275fa13c4d26
Derek Brunson,http://ufcstats.com/fighter-details/b1a3e0aca758b322
Renato Moicano,http://ufcstats.com/fighter-details/b6452706b373eea1
Alexander Hernandez,http://ufcstats.com/fighter-details/262a7d06203657e6
Bobby Green,http://ufcstats.com/fighter-details/887961364be5ceb3
Nasrat Haqparast,http://ufcstats.com/fighter-details/b7b84ccd221be298
Andrei Arlovski,http://ufcstats.com/fighter-details/3738e68d2261e60f
Jared Vanderaa,http://ufcstats.com/fighter-details/2b68d9f125d07b42
Casey O'Neill,http://ufcstats.com/fighter-details/04835018f90b118c
Roxanne Modafferi,http://ufcstats.com/fighter-details/4498b382c65a7faa
Kyler Phillips,http://ufcstats.com/fighter-details/60425d07ef4b91a7
Marcelo Rojo,http://ufcstats.com/fighter-details/2804ce8dadab5770
Carlos Ulberg,http://ufcstats.com/fighter-details/9014c02eff8b3d62
Fabio Cherant,http://ufcstats.com/fighter-details/78a68f1dade6aaf7
Ronnie Lawrence,http://ufcstats.com/fighter-details/e7e01e266a9d4342
Mana Martinez,http://ufcstats.com/fighter-details/c0386644627a7ee5
Jacob Malkoun,http://ufcstats.com/fighter-details/d4270315cbcf2569
AJ Dobson,http://ufcstats.com/fighter-details/009c4420727149ea
Douglas Silva de Andrade,http://ufcstats.com/fighter-details/3a314d9fa7c6825d
Sergey Morozov,http://ufcstats.com/fighter-details/2f6a993c7f547c13
Jeremiah Wells,http://ufcstats.com/fighter-details/d66a46de8d705353
Blood Diamond,http://ufcstats.com/fighter-details/9edf2c9082cc2cd8
Maxim Grishin,http://ufcstats.com/fighter-details/950d0ef5c17157c5
William Knight,http://ufcstats.com/fighter-details/5da33b8fbfa5ee95
Sean Strickland,http://ufcstats.com/fighter-details/0d8011111be000b2
Jack Hermansson,http://ufcstats.com/fighter-details/0a1942069c9ad6b6
Nick Maximov,http://ufcstats.com/fighter-details/12585614e0ed2626
Punahele Soriano,http://ufcstats.com/fighter-details/64facb6cc564262d
Shavkat Rakhmonov,http://ufcstats.com/fighter-details/01afe0916a40c7c5
Carlston Harris,http://ufcstats.com/fighter-details/a53d30163304aa6e
Brendan Allen,http://ufcstats.com/fighter-details/2f181c0467965b98
Sam Alvey,http://ufcstats.com/fighter-details/d156513a19acf856
Bryan Battle,http://ufcstats.com/fighter-details/f626118b6da0e020
Tresean Gore,http://ufcstats.com/fighter-details/147e70aa6cc48cfc
Julian Erosa,http://ufcstats.com/fighter-details/902ec2cc48c8ae8a
Steven Peterson,http://ufcstats.com/fighter-details/b93c06d09d1c4ac0
John Castaneda,http://ufcstats.com/fighter-details/5fa2974cbd18e05c
Miles Johns,http://ufcstats.com/fighter-details/46e0d677f91bacc0
Hakeem Dawodu,http://ufcstats.com/fighter-details/2c9d00968f818270
Michael Trizano,http://ufcstats.com/fighter-details/5bf31a46becc1204
Chidi Njokuani,http://ufcstats.com/fighter-details/c68c68efaa5ca6ef
Marc-Andre Barriault,http://ufcstats.com/fighter-details/8e9eb3fc86db0f7d
Alexis Davis,http://ufcstats.com/fighter-details/4c2d90e335e6df19
Julija Stoliarenko,http://ufcstats.com/fighter-details/a78a87d8c2bbb1cb
Jailton Almeida,http://ufcstats.com/fighter-details/41e83a89929d1327
Danilo Marques,http://ufcstats.com/fighter-details/687c15b2eddfaa63
Phil Rowe,http://ufcstats.com/fighter-details/8e382b585a92affe
Jason Witt,http://ufcstats.com/fighter-details/5f3805dda9661cba
Malcolm Gordon,http://ufcstats.com/fighter-details/dee294e9717012c2
Denys Bondar,http://ufcstats.com/fighter-details/2526be54e6a0e62a
Francis Ngannou,http://ufcstats.com/fighter-details/8d03ce87ca14e778
Ciryl Gane,http://ufcstats.com/fighter-details/787bb1f087ccff8a
Deiveson Figueiredo,http://ufcstats.com/fighter-details/aa72b0f831d0bfe5
Brandon Moreno,http://ufcstats.com/fighter-details/792be9a24df82ed6
Michel Pereira,http://ufcstats.com/fighter-details/595db60957de51d3
Andre Fialho,http://ufcstats.com/fighter-details/33efaf2d0941cfcf
Said Nurmagomedov,http://ufcstats.com/fighter-details/0fd5f4b838e890cc
Cody Stamann,http://ufcstats.com/fighter-details/bf7ad5628363eec9
Michael Morales,http://ufcstats.com/fighter-details/c32aeb1a59e6272d
Trevin Giles,http://ufcstats.com/fighter-details/b27a1fcb56a3035a
Victor Henry,http://ufcstats.com/fighter-details/eb8d8c2a95cfccb8
Raoni Barcelos,http://ufcstats.com/fighter-details/b9f28e7045fdfce7
Jack Della Maddalena,http://ufcstats.com/fighter-details/6b453bc35a823c3f
Pete Rodriguez,http://ufcstats.com/fighter-details/776d4262c4da38bf
Tony Gravely,http://ufcstats.com/fighter-details/601964f9654f911a
Saimon Oliveira,http://ufcstats.com/fighter-details/72ea1984c52019b5
Matt Frevola,http://ufcstats.com/fighter-details/dccb63727f2f5f74
Genaro Valdez,http://ufcstats.com/fighter-details/cda1099995b46cc2
Vanessa Demopoulos,http://ufcstats.com/fighter-details/2c483cf443f38ece
Silvana Gomez Juarez,http://ufcstats.com/fighter-details/b4880ef2f838d4e1
Jasmine Jasudavicius,http://ufcstats.com/fighter-details/a9e260472d321361
Kay Hansen,http://ufcstats.com/fighter-details/4100c7a09497ad41
Calvin Kattar,http://ufcstats.com/fighter-details/751de04455cfaac0
Giga Chikadze,http://ufcstats.com/fighter-details/9560ff14eb3129f7
Jake Collier,http://ufcstats.com/fighter-details/92fa1401b7927da3
Chase Sherman,http://ufcstats.com/fighter-details/01b352b6a9074d5c
Brandon Royval,http://ufcstats.com/fighter-details/6e15f63b6c2e2c15
Rogerio Bontorin,http://ufcstats.com/fighter-details/07a2bdaa0afdd831
Katlyn Chookagian,http://ufcstats.com/fighter-details/e872e9a9a902c045
Jennifer Maia,http://ufcstats.com/fighter-details/8e1f36476ef02a6a
Viacheslav Borshchev,http://ufcstats.com/fighter-details/19c591115a58982c
Dakota Bush,http://ufcstats.com/fighter-details/3033c1c080672475
Bill Algeo,http://ufcstats.com/fighter-details/9abc648e76c4493a
Joanderson Brito,http://ufcstats.com/fighter-details/791c8437b341fba5
Jamie Pickett,http://ufcstats.com/fighter-details/830f60497fab345a
Joseph Holmes,http://ufcstats.com/fighter-details/8d20d76af3f213ce
Court McGee,http://ufcstats.com/fighter-details/523fa774700d7d3f
Ramiz Brahimaj,http://ufcstats.com/fighter-details/3d074044a33825e7
Brian Kelleher,http://ufcstats.com/fighter-details/7be14eaed4c74856
Kevin Croom,http://ufcstats.com/fighter-details/35b3772629e27a49
TJ Brown,http://ufcstats.com/fighter-details/d31cbcdd7d69536d
Charles Rosa,http://ufcstats.com/fighter-details/40093d1d2d78394e
Derrick Lewis,http://ufcstats.com/fighter-details/d3df1add9d9a7efb
Chris Daukaus,http://ufcstats.com/fighter-details/d0aaedcf7ccd0b45
Belal Muhammad,http://ufcstats.com/fighter-details/b1b0729d27936f2f
Stephen Thompson,http://ufcstats.com/fighter-details/4a28cb716c19157a
Amanda Lemos,http://ufcstats.com/fighter-details/3df5493bb279226f
Angela Hill,http://ufcstats.com/fighter-details/f0feeb2192937424
Ricky Simon,http://ufcstats.com/fighter-details/5987b2458f4b5290
Raphael Assuncao,http://ufcstats.com/fighter-details/2f13e4020cea5b38
Mateusz Gamrot,http://ufcstats.com/fighter-details/72db2a14ffa73ece
Diego Ferreira,http://ufcstats.com/fighter-details/f53d4f21d1b5f2dc
Cub Swanson,http://ufcstats.com/fighter-details/d247691a6c0e9034
Darren Elkins,http://ufcstats.com/fighter-details/92a9aa9c93192871
Gerald Meerschaert,http://ufcstats.com/fighter-details/6ac9bc2953c47345
Dustin Stoltzfus,http://ufcstats.com/fighter-details/71505842fb6455c3
Justin Tafa,http://ufcstats.com/fighter-details/e13abac8089a801a
Harry Hunsucker,http://ufcstats.com/fighter-details/f703250471acaf96
Melissa Gatto,http://ufcstats.com/fighter-details/a4a80dd7336ffd59
Sijara Eubanks,http://ufcstats.com/fighter-details/4234f0097c83fa62
Charles Jourdain,http://ufcstats.com/fighter-details/f1d64ae34e088832
Andre Ewell,http://ufcstats.com/fighter-details/5f6f049d54728e88
Raquel Pennington,http://ufcstats.com/fighter-details/fc169c387b4b465d
Macy Chiasson,http://ufcstats.com/fighter-details/9cdd2da1a9104a0b
Don'Tale Mayes,http://ufcstats.com/fighter-details/1a9480fc288e55d7
Josh Parisian,http://ufcstats.com/fighter-details/b5da8f7d05e85a55
Jordan Leavitt,http://ufcstats.com/fighter-details/ac026518a9b4dc0f
Matt Sayles,http://ufcstats.com/fighter-details/5b8ba8f5512893b1
